documents: [
    {
        "doc_id": "f5f4ecb4f81b11ef9b4f0242ac120006",
        "kb_id": "ed952a8ef81b11ef870d0242ac120006",
        "docnm_kwd": "\u9648\u6b63\u82f1-\u6570\u636e\u7814\u53d1.pdf",
        "title_tks": "\u9648 \u6b63 \u82f1 \u6570\u636e \u7814\u53d1",
        "title_sm_tks": "\u9648 \u6b63 \u82f1 \u6570\u636e \u7814\u53d1",
        "page_num_int": [
            1
        ],
        "position_int": [
            [
                1,
                35,
                551,
                415,
                551
            ]
        ],
        "top_int": [
            415
        ],
        "content_with_weight": "\u9879\u76ee\u6982\u51b5\uff1a\u5728B\u7aef\u5e73\u53f0\u4e0a\u5bf9\u544a\u8b66\u914d\u7f6e\u5206\u6790\u89c4\u5219\uff0c\u544a\u8b66\u65f6\uff0c\u5b9e\u65f6\u8f93\u51fa\u8be5\u6b21\u544a\u8b66\u539f\u56e0\u5206\u6790\u62a5\u544a\uff0c\u62a5\u544a\u4ee5\u6587\u5b57\u3001\u56fe\u7247\u6216\u8005pdf\u7684\u5f62\u5f0f\u901a\u8fc7\u4f01\u4e1a\u5fae\u4fe1\u673a\u5668\u4eba\u5b9e\u65f6\u63a8\u9001\u7ed9\u76f8\u5173\u4eba\u5458\u3002\u4ece0\u52301\u8bbe\u8ba1\u5b9e\u65f6\u544a\u8b66\u5206\u6790\u7cfb\u7edf\uff0c\u65e5\u5747\u5904\u740620+\u6b21\u544a\u8b66\u4e8b\u4ef6\uff0c\u5b9e\u73b0\u544a\u8b66\u89e6\u53d1\u81f3\u62a5\u544a\u751f\u6210\u7aef\u5230\u7aef\u54cd\u5e94\u65f6\u95f4<5\u79d2\u6784\u5efa\u591a\u7ef4\u5ea6\u5f52\u56e0\u5206\u6790\u7b97\u6cd5\uff1a\u57fa\u4e8e\u65f6\u95f4\u5e8f\u5217\u5206\u6790\uff08Prophet\u6a21\u578b\uff09\u4e0e\u8d21\u732e\u5ea6\u8ba1\u7b97\uff08Shapley\u503c\u7b97\u6cd5\uff09\uff0c\u5b9e\u73b0\u9519\u8bef\u7c7b\u544a\u8b66\u6839\u56e0\u5b9a\u4f4d\u51c6\u786e\u738792.5%\uff0c\u8986\u76d612\u7c7b\u6838\u5fc3\u4e1a\u52a1\u6307\u6807\u8bbe\u8ba1\u5f02\u6b65\u5904\u7406\u67b6\u6784\uff1a\u57fa\u4e8eaiohttp\u642d\u5efa\u5fae\u670d\u52a1\uff0c\u540c\u65f6\u7528\u591a\u7ebf\u7a0b\u4f18\u5316pandas\u548cmatplotlib\u5904\u7406\u6027\u80fd\u3002\u5b9e\u73b0\u591a\u6a21\u6001\u62a5\u544a\u751f\u6210\uff1a\u652f\u6301Markdown\u5373\u65f6\u9884\u89c8/PNG\u65f6\u5e8f\u56fe/PDF\u6df1\u5ea6\u5206\u6790\u62a5\u544a\u4e09\u79cd\u8f93\u51fa\u5f62\u5f0f\uff0c\u901a\u8fc7\u4f01\u4e1a\u5fae\u4fe1\u673a\u5668\u4ebaAPI\u5b9e\u73b010\u79d2\u5185\u89e6\u8fbe23\u4e2a\u4e1a\u52a1\u7ebf\u54cd\u5e94\u7fa4\u7ec4\u7cfb\u7edf\u6210\u6548\uff1a\u4f7fMTTR\uff08\u5e73\u5747\u6545\u969c\u4fee\u590d\u65f6\u95f4\uff09\u4ece40\u5206\u949f\u7f29\u77ed\u81f315\u5206\u949f",
        "content_ltks": "\u9879\u76ee \u6982\u51b5 \u5728 b \u7aef\u5e73 \u53f0\u4e0a \u5bf9 \u544a\u8b66 \u914d\u7f6e \u5206\u6790 \u89c4\u5219 \u544a\u8b66 \u65f6 \u5b9e\u65f6 \u8f93\u51fa \u8be5 \u6b21 \u544a\u8b66 \u539f\u56e0 \u5206\u6790\u62a5\u544a \u62a5\u544a \u4ee5 \u6587\u5b57 \u56fe\u7247 \u6216\u8005 pdf \u7684 \u5f62\u5f0f \u901a\u8fc7 \u4f01\u4e1a \u5fae\u4fe1 \u673a\u5668\u4eba \u5b9e\u65f6 \u63a8\u9001 \u7ed9 \u76f8\u5173 \u4eba\u5458 \u4ece 0 \u5230 1 \u8bbe\u8ba1 \u5b9e\u65f6 \u544a\u8b66 \u5206\u6790 \u7cfb\u7edf \u65e5\u5747 \u5904\u7406 20 \u6b21 \u544a\u8b66 \u4e8b\u4ef6 \u5b9e\u73b0 \u544a\u8b66 \u89e6\u53d1 \u81f3 \u62a5\u544a \u751f\u6210 \u7aef \u5230 \u7aef \u54cd\u5e94 \u65f6\u95f4 5 \u79d2 \u6784\u5efa \u591a\u7ef4\u5ea6 \u5f52\u56e0 \u5206\u6790 \u7b97\u6cd5 \u57fa\u4e8e \u65f6\u95f4 \u5e8f\u5217 \u5206\u6790 prophet \u6a21\u578b \u4e0e \u8d21\u732e\u5ea6 \u8ba1\u7b97 shapley \u503c \u7b97\u6cd5 \u5b9e\u73b0 \u9519\u8bef \u7c7b \u544a\u8b66 \u6839 \u56e0 \u5b9a\u4f4d \u51c6\u786e\u7387 92 5 \u8986\u76d6 12 \u7c7b \u6838\u5fc3 \u4e1a\u52a1 \u6307\u6807 \u8bbe\u8ba1 \u5f02\u6b65 \u5904\u7406 \u67b6\u6784 \u57fa\u4e8e aiohttp \u642d\u5efa \u5fae\u670d\u52a1 \u540c\u65f6 \u7528 \u591a\u7ebf\u7a0b \u4f18\u5316 panda \u548c matplotlib \u5904\u7406 \u6027\u80fd \u5b9e\u73b0 \u591a \u6a21\u6001 \u62a5\u544a \u751f\u6210 \u652f\u6301 markdown \u5373\u65f6 \u9884\u89c8 png \u65f6\u5e8f \u56fe pdf \u6df1\u5ea6 \u5206\u6790\u62a5\u544a \u4e09\u79cd \u8f93\u51fa \u5f62\u5f0f \u901a\u8fc7 \u4f01\u4e1a \u5fae\u4fe1 \u673a\u5668\u4eba api \u5b9e\u73b0 10 \u79d2 \u5185 \u89e6 \u8fbe 23 \u4e2a \u4e1a\u52a1 \u7ebf \u54cd\u5e94 \u7fa4\u7ec4 \u7cfb\u7edf \u6210\u6548 \u4f7f mttr \u5e73\u5747 \u6545\u969c \u4fee\u590d \u65f6\u95f4 \u4ece 40 \u5206\u949f \u7f29\u77ed \u81f3 15 \u5206\u949f",
        "content_sm_ltks": "\u9879\u76ee \u6982\u51b5 \u5728 b \u7aef\u5e73 \u53f0\u4e0a \u5bf9 \u544a\u8b66 \u914d\u7f6e \u5206\u6790 \u89c4\u5219 \u544a\u8b66 \u65f6 \u5b9e\u65f6 \u8f93\u51fa \u8be5 \u6b21 \u544a\u8b66 \u539f\u56e0 \u5206\u6790 \u62a5\u544a \u62a5\u544a \u4ee5 \u6587\u5b57 \u56fe\u7247 \u6216\u8005 pdf \u7684 \u5f62\u5f0f \u901a\u8fc7 \u4f01\u4e1a \u5fae\u4fe1 \u673a\u5668 \u4eba \u5b9e\u65f6 \u63a8\u9001 \u7ed9 \u76f8\u5173 \u4eba\u5458 \u4ece 0 \u5230 1 \u8bbe\u8ba1 \u5b9e\u65f6 \u544a\u8b66 \u5206\u6790 \u7cfb\u7edf \u65e5\u5747 \u5904\u7406 20 \u6b21 \u544a\u8b66 \u4e8b\u4ef6 \u5b9e\u73b0 \u544a\u8b66 \u89e6\u53d1 \u81f3 \u62a5\u544a \u751f\u6210 \u7aef \u5230 \u7aef \u54cd\u5e94 \u65f6\u95f4 5 \u79d2 \u6784\u5efa \u591a \u7ef4\u5ea6 \u5f52\u56e0 \u5206\u6790 \u7b97\u6cd5 \u57fa\u4e8e \u65f6\u95f4 \u5e8f\u5217 \u5206\u6790 prophet \u6a21\u578b \u4e0e \u8d21\u732e \u5ea6 \u8ba1\u7b97 shapley \u503c \u7b97\u6cd5 \u5b9e\u73b0 \u9519\u8bef \u7c7b \u544a\u8b66 \u6839 \u56e0 \u5b9a\u4f4d \u51c6\u786e \u7387 92 5 \u8986\u76d6 12 \u7c7b \u6838\u5fc3 \u4e1a\u52a1 \u6307\u6807 \u8bbe\u8ba1 \u5f02\u6b65 \u5904\u7406 \u67b6\u6784 \u57fa\u4e8e aiohttp \u642d\u5efa \u5fae \u670d\u52a1 \u540c\u65f6 \u7528 \u591a \u7ebf\u7a0b \u4f18\u5316 panda \u548c matplotlib \u5904\u7406 \u6027\u80fd \u5b9e\u73b0 \u591a \u6a21\u6001 \u62a5\u544a \u751f\u6210 \u652f\u6301 markdown \u5373\u65f6 \u9884\u89c8 png \u65f6\u5e8f \u56fe pdf \u6df1\u5ea6 \u5206\u6790 \u62a5\u544a \u4e09\u79cd \u8f93\u51fa \u5f62\u5f0f \u901a\u8fc7 \u4f01\u4e1a \u5fae\u4fe1 \u673a\u5668 \u4eba api \u5b9e\u73b0 10 \u79d2 \u5185 \u89e6 \u8fbe 23 \u4e2a \u4e1a\u52a1 \u7ebf \u54cd\u5e94 \u7fa4\u7ec4 \u7cfb\u7edf \u6210\u6548 \u4f7f mttr \u5e73\u5747 \u6545\u969c \u4fee\u590d \u65f6\u95f4 \u4ece 40 \u5206\u949f \u7f29\u77ed \u81f3 15 \u5206\u949f",
        "id": "8cbe9dbe851fea3d",
        "create_time": "2025-03-03 19:10:49",
        "create_timestamp_flt": 1741000249.526403,
        "img_id": "ed952a8ef81b11ef870d0242ac120006-8cbe9dbe851fea3d",
        "q_1536_vec": [
            -0.013287268141188774,
            -0.0012100889271354524,
            -0.029105089200514116,
            0.0023237900736798414,
            0.05406714966851717,
            -0.008173015124426634,
            0.03857921414974708,
            0.029555399412347857,
            -0.019046561551641358,
            -0.006332428919917568,
            0.015959637085501875,
            -0.03134937970410674,
            0.0008989464695172056,
            0.00039131940484410117,
            -0.04528041031550738,
            0.0039008298103313317,
            0.014117222640217005,
            0.014163177817673862,
            0.002040204142799651,
            -0.000494691687582268,
            -0.007498760615687198,
            0.012931237168749651,
            0.019135284288984065,
            0.03870174598328576,
            0.013251725054439448,
            -0.0064283459909335785,
            -0.0019263818846187138,
            0.0022543177849204295,
            -0.00285641470633303,
            -0.036911791959897286,
            -0.03838698977738844,
            0.007045731488580811,
            -0.020755396934241742,
            0.002642406983996368,
            -0.05548162610656702,
            0.008501517700326833,
            0.020434697706868225,
            0.008738469586270312,
            0.005693676081138555,
            -0.03198671505744797,
            0.012197028557836808,
            0.007465391542766216,
            0.018388021460150564,
            -0.014413130802841928,
            -0.028671919267526255,
            0.01810317855803453,
            -0.03647019305185433,
            0.009017789167607761,
            -0.01695136906841572,
            0.012775321253023612,
            -0.0124267832707309,
            -0.009576791787645573,
            0.035790431793259546,
            0.013399877739670104,
            -0.0010402296049016164,
            -0.011480820071997811,
            -0.012583690257911524,
            -0.028930425029846413,
            0.01399217755301231,
            0.008031348212870984,
            -0.017987809681738503,
            0.030843418267701747,
            -0.012148562195780765,
            -0.025064509313236498,
            -0.01530439543405269,
            -0.0015470105097106055,
            -0.015424708147110132,
            -0.031414309161441036,
            0.008565199515614564,
            -0.013773055805457707,
            0.022365685024279106,
            -0.008241355567612213,
            0.005948889184711226,
            0.0012218647154924652,
            -0.029872294989035424,
            -0.014347007532001172,
            0.021609616782076263,
            0.025958181365589195,
            -0.021063471115550302,
            -0.029664399421059705,
            -0.028769455753645964,
            -0.015936448318096895,
            -0.028283378499193962,
            -0.0392087515086244,
            0.02477064641182326,
            -0.0004422864356198703,
            0.01712289194541931,
            0.017571216708309596,
            -0.019762214669771405,
            0.00865784676514713,
            -0.022522389350911436,
            0.006591758831180754,
            0.007716913358742023,
            0.0017094988651847078,
            0.012133184413647757,
            0.01972393285258206,
            0.006581725450288348,
            0.004030160737556738,
            0.005592947190597819,
            -0.011623665502530996,
            -0.0042821245854091465,
            0.0041508264430373774,
            0.0021180847039761453,
            -0.02462407411866364,
            -0.0008212436116183785,
            0.013800252424715416,
            0.009006191335902178,
            -0.027723429184796995,
            0.005118113660053666,
            -0.023806612668839572,
            -0.017550599688367845,
            -0.006244311790176943,
            0.0342166105234863,
            -0.019671724740888574,
            -0.02261708555284459,
            0.026760147345698548,
            -0.0069672266403853,
            -0.005211153695351332,
            -0.01110810334584418,
            0.041631414627668534,
            0.026916416090840615,
            0.007047470285035158,
            -0.0018019133248937049,
            -0.023607645343586937,
            -0.019970975092310096,
            0.03478063336347699,
            -0.026269239550890625,
            0.010502304200142816,
            -0.003297559048492828,
            -0.005105661976698671,
            0.015955725696232156,
            0.024099211337569586,
            0.009583472798739268,
            0.024399802913492807,
            0.002819874342253525,
            0.014180220538938085,
            0.014695029778244603,
            0.011486028470356027,
            -0.04612378760202107,
            -0.009031532048855763,
            0.011635039540049883,
            0.04721144355195711,
            -0.02644820534115467,
            0.020607412997403672,
            -0.028906258496627594,
            0.02802042544933473,
            0.0352827427562223,
            0.03923419018535262,
            0.0019503486329856092,
            0.04455314334291031,
            -0.0150653683301549,
            -0.008747763497391963,
            0.028847084145263414,
            -0.002274958955503283,
            0.02144037968321981,
            -0.025448749232281687,
            0.0176023911214604,
            0.0001590871847383218,
            0.00799637116385422,
            -0.02300391214711582,
            -0.012554819623375844,
            0.013139493111526387,
            -0.007476813730073024,
            0.015685787807463953,
            -0.009054830989352544,
            0.0067833772515344904,
            0.023688037007859035,
            -0.016902939376387885,
            -0.011065515710459592,
            -0.041032602876314626,
            0.005113504642383576,
            -0.012925817591714886,
            -0.04747456782414382,
            -0.015610995339751913,
            -0.022659896861485434,
            0.04728880294019304,
            0.01034225533170944,
            -0.021641482454744683,
            -0.019080995949676327,
            0.005644783832222735,
            0.00838556692654396,
            0.01351178159781579,
            0.016515625886772998,
            -0.013037960049554698,
            0.015284978676678817,
            -0.03919351455631312,
            0.018712418545112793,
            0.03368846696827251,
            -0.011689806945378689,
            0.005123904239836333,
            0.012823903548427208,
            -0.01655021449059237,
            0.020818177853278726,
            0.07974009668440968,
            0.001666846295804522,
            0.00879984403297102,
            -0.019609855143615195,
            0.0005795785682559517,
            -0.03088213803909922,
            0.031438168216407464,
            -0.00757436173670424,
            -0.011696094359646251,
            -0.015602737384590271,
            -0.0278445011841175,
            0.02173011218736418,
            -0.01359616740343183,
            0.0394335143151478,
            -0.01979049202827754,
            -0.030242986451865333,
            0.013996753835028915,
            0.013284120418176684,
            0.03892213119321433,
            0.00907091302181122,
            -0.026974033962683015,
            0.02021477623032986,
            -0.006963481605751927,
            -0.005564000254374257,
            0.04285436058981942,
            -0.022264762701824814,
            0.00901581392070478,
            0.04034402825409745,
            0.024288337476213458,
            0.03558921038112312,
            0.012807954730083343,
            0.003039286541991967,
            0.002262803341956609,
            0.00957012582657006,
            -0.02956948437413456,
            0.002480456837719337,
            -0.003819805988965832,
            0.0130805604634566,
            0.018983212101223487,
            0.011797022360852711,
            -0.0014535851932810334,
            0.025398221463997138,
            -0.013131259251634605,
            0.029277545608204926,
            -0.006941591530685201,
            0.022424641604611585,
            -0.00335273749442219,
            -0.015079577175542192,
            0.01334472578276684,
            -0.03459339939629741,
            0.03835247508150071,
            -0.0027494145465415563,
            0.03924900157549352,
            0.02531882590055299,
            0.03660800568767628,
            0.011472770901756479,
            0.0018761990610563503,
            0.03245116296460986,
            -0.02143349058719311,
            -0.008555234931776845,
            -0.0007783052349355653,
            0.033209567882763566,
            0.01855517479202938,
            -0.005510795372098121,
            0.020641842669716307,
            0.0030000199910044925,
            0.004707410811552341,
            0.01164045911708465,
            0.0009826949562231533,
            -0.02063310605340165,
            -0.028792456301893813,
            0.012598652345368513,
            -0.006210835869911875,
            -0.005214932033513406,
            0.016291151939550275,
            -0.003920126593175088,
            0.018707547643539754,
            0.0024387861213469417,
            -0.02198987408028901,
            -0.013945021626615945,
            0.003132645332867718,
            0.021741759436720208,
            0.010078274742801442,
            -0.006226878119216592,
            -0.0039246814217922515,
            0.022769525863225195,
            0.031892066112738114,
            -0.0293315480485185,
            -0.013005573448456462,
            -0.021072423372039663,
            -0.027116195435897758,
            -0.0005276712923994974,
            -0.0684082946596155,
            0.027503155446717817,
            -0.03254417050743986,
            0.014255567969491026,
            0.006694422870969064,
            0.04070505863621553,
            0.02500107879465662,
            -0.01222202276950533,
            0.012228044972797291,
            0.002807916723998041,
            -0.019481713242383767,
            0.017352916797445356,
            0.007715428293503566,
            -0.003357409873580617,
            -0.003736208269566676,
            0.02151884044811421,
            -0.030604410066693278,
            0.00527818865207195,
            0.022270875444436865,
            -0.015362098247966601,
            0.019273980744048465,
            0.023716206931432438,
            0.013849679516328803,
            -0.04178705292066778,
            -0.04143718750588575,
            -0.016491973385977805,
            0.02294322816858512,
            0.01340423112006463,
            -0.04101928174379271,
            0.029725729673385572,
            -0.021496581255983364,
            -0.041042189886087654,
            -0.004802410334553255,
            0.01835264833904784,
            -0.01389151658733754,
            -0.011188730284062687,
            -0.021383472389834037,
            -0.007175234571450107,
            -0.028193407005092628,
            -0.03326352967792241,
            -0.035783388176615756,
            0.0015206233242550855,
            -0.05040853257237794,
            -0.012189127935666075,
            0.005399351515401948,
            -0.031679173488087894,
            -0.010514812177109782,
            0.0013831560132159687,
            0.02848502490562554,
            -0.013694219220732775,
            0.02586306073723609,
            0.006806180413118162,
            0.002611587236330564,
            -0.020072606806862084,
            0.014503052118840287,
            -0.003932749981294539,
            -0.0030729497990374926,
            0.0024092957835457735,
            0.02223653647445149,
            -0.013209626342713571,
            0.004390690499202904,
            -0.029194825786110233,
            -0.02093494117398953,
            -0.0005755169534223234,
            0.018789284507440066,
            -0.0160847054161636,
            0.04743827098923972,
            -0.019942805250240274,
            -0.015483850756602451,
            0.012167529661155597,
            0.01923942710663165,
            -0.024113423103836545,
            0.014240759905097846,
            -0.018238721043459458,
            -0.040888447739679215,
            -0.018179735661848218,
            0.03728261493321636,
            0.0004868503830047047,
            -0.0025366675885091262,
            -0.00882884033623652,
            0.0035267679253012767,
            0.0037412181862620697,
            -0.00761882491216466,
            0.004064303031384424,
            0.020168839550894276,
            -0.0027528077246106947,
            0.005270048709512655,
            -0.015037958179216188,
            0.04226478285581534,
            -0.0339185767820835,
            0.03265124694854332,
            -0.02820538001710666,
            -0.008801678197009739,
            0.014176065762461757,
            0.018561753621036098,
            -0.028797559151665545,
            0.0068565285415015265,
            -0.015526616430142057,
            0.02364656258315218,
            0.040478369366508324,
            -0.024594512022176326,
            0.0013975996665539312,
            -0.0004755740959760191,
            -0.015529960890439527,
            -0.0012330454026013766,
            0.035053359736206706,
            0.03783575270009867,
            -0.0094780111074824,
            0.026816475672333855,
            0.02455157078574153,
            -0.0218407239954728,
            -0.0014687945921314138,
            -0.007301239454895735,
            0.050588924934083235,
            0.02535382720784678,
            0.004306456443460856,
            -0.014281837203471892,
            -0.008349637261230058,
            -0.013131463351584376,
            0.028783044855015975,
            -0.04940675795956105,
            0.014687727765127816,
            -0.015091945205395328,
            0.03322200008516607,
            0.035412185357731135,
            0.008419053190818307,
            0.03561482084805404,
            -0.041732506834265846,
            0.025013641776665905,
            0.021833417520857865,
            -0.0035827072796157664,
            0.01144460787418926,
            -0.054024555014871016,
            0.0006817249849862656,
            0.02151772703367752,
            -0.023554597223196146,
            -0.05148176719949253,
            0.004461216612278227,
            0.00047375380545325394,
            0.010046425215149845,
            0.006497457808768936,
            0.0033225174215700676,
            -0.008658448174150306,
            0.05216845963013844,
            0.009201508831098647,
            0.013811235664032463,
            -0.02270586518157586,
            0.007981866116215281,
            -0.02464588109791578,
            -0.00858661845453736,
            -0.0224965402027828,
            0.02315748903388656,
            0.00558335610381879,
            0.01043185472806423,
            -0.01650758657416931,
            -0.005290406795670031,
            0.0033090938026476805,
            -0.0015429102722808574,
            -0.02546554730833349,
            -0.003964966191502224,
            -0.0038871932584982364,
            0.022285660549310627,
            -0.005575675503142261,
            0.006984262424891545,
            -0.012725557597941462,
            0.06368923153843868,
            0.026282781597471352,
            -0.0261203466452934,
            -0.02026480594820044,
            -0.0005950809747286489,
            0.010850555797069736,
            -0.05718682630293643,
            0.0017779693686075593,
            0.03132173419771803,
            0.030781383329287083,
            0.01581393717257678,
            -0.03398421790301634,
            0.00880960214414109,
            0.004942206878037711,
            0.03646565485955398,
            -0.02808293320714308,
            -0.005886796806746211,
            0.019857839777886466,
            -0.06269844649306981,
            -0.027188915707752167,
            -0.013790823860077487,
            -0.010193566708782577,
            0.010128157617552003,
            -0.013852027794294735,
            -0.024179741326833443,
            0.019397632806526423,
            -0.018444209839672043,
            0.01320502965661602,
            0.0167296135908458,
            0.007481794886241451,
            0.054807748726272434,
            0.015080320884663646,
            -0.02529102900804254,
            0.019348339983274704,
            0.02762902946905309,
            -0.02462443919947356,
            0.0024239936544712595,
            0.0005026012722790427,
            0.021302135491642626,
            -0.022478429540500895,
            -0.03231543453152868,
            0.028996155717356097,
            -0.011916975185480771,
            -0.0016783962412838932,
            -0.004594635491869079,
            -0.0196403647455227,
            0.008775195431347872,
            -0.003341372665162149,
            0.009032552407960737,
            -0.027079639049056806,
            0.01402514467266114,
            -0.002653281794599052,
            0.007507279116567329,
            -0.015693067265929363,
            0.002693762100284776,
            0.025931983200163884,
            -0.04171169214372231,
            0.006786076736794386,
            -0.06358364178469575,
            -0.016506145642840468,
            0.02703353702847994,
            -0.01538963845601594,
            0.06425507872558224,
            0.007602238946780884,
            0.003817428666535322,
            -0.02226707649975982,
            -0.035558280125488166,
            0.038830881876851436,
            -0.0009141940395874235,
            0.011866702243410753,
            0.014032398413734626,
            0.007187114204767955,
            0.0316125682303464,
            0.01078385432125598,
            -0.01720890858543354,
            0.0189999891856057,
            0.010913008468332182,
            0.03517583640169589,
            -0.014705793076246091,
            -0.024702002870379852,
            -0.045462795204882916,
            -0.017484499540053683,
            -0.03510068497887087,
            -0.04760363719215568,
            0.003885088134409812,
            0.00880194446223219,
            0.006529869215643518,
            0.003981070341855445,
            0.013168955338179389,
            -0.026902433919767894,
            0.012263404383391227,
            -0.008600200741404768,
            0.022270349728494565,
            0.018461767485924513,
            -0.011088106353857322,
            -0.0054916500315754435,
            -0.02326722820871812,
            0.02561233313317411,
            -0.01260117468503801,
            -0.008981103014655092,
            -0.0400935059054491,
            -0.011369904405178833,
            0.03801350415184485,
            -0.01758352587892434,
            -0.018162516282690163,
            0.0064254203992343255,
            0.035689494543042447,
            -0.03591872410786945,
            0.025092921224041897,
            0.02625283040640785,
            0.045796735815087364,
            0.01620009035597287,
            -0.04962512078629379,
            0.052698195097934775,
            0.017496362541983078,
            0.04200316103085135,
            -0.020091587901242113,
            -0.0017389625624654908,
            0.02575913713002167,
            -0.03671965715411547,
            0.036507597560652784,
            -0.03441452544411106,
            -0.0017142180559465998,
            0.014056190861643647,
            -0.028582368629586394,
            -0.007831811727897027,
            -0.024160326354588806,
            -0.025463043019740488,
            -0.04089175098694673,
            -0.043311148462067975,
            0.009968113778491994,
            0.004072134470683381,
            0.010681995446017788,
            -0.03842551224362532,
            -0.03164325396302432,
            0.031702268348348335,
            -0.0014172772841477485,
            -0.007630255131228089,
            -0.031679194094602875,
            0.008363409957251879,
            -0.00912962325463056,
            -0.004592129148828691,
            0.0007838473471985139,
            4.0047542564280685e-05,
            -0.037522130352145855,
            -0.010386817200501951,
            0.03869999457132126,
            -0.0321248835250692,
            -0.028016752741262724,
            0.0016264890830342497,
            -0.024477915096853653,
            0.02162603631132011,
            -0.010245648420863859,
            0.030643094303812974,
            0.0031879055488309126,
            0.05220490925113889,
            -0.03435465048300162,
            -0.005875112370095259,
            0.0038019790751076575,
            -0.000363533593872572,
            0.00388210800366398,
            0.007572627524003419,
            0.02370778379813668,
            -0.02613672934150187,
            -0.0005588413559025232,
            0.002427276679715963,
            -0.003065429833493347,
            -0.016525183608895634,
            0.022305355477573077,
            -0.01856473364990245,
            -0.03171083698657965,
            0.004429112258412099,
            -0.03538048389045357,
            0.07739084633370502,
            0.041320199214486014,
            0.0018863202800925329,
            -0.03175420982937818,
            -0.024987887873866268,
            0.02424479190989582,
            -0.01950271444845878,
            -0.01496771704643807,
            -0.038413646970195066,
            0.009871733541960987,
            0.006471881658861777,
            -0.02869351725809912,
            0.013197896138849292,
            0.031093624861830326,
            -0.04146734995712939,
            -0.040354674646008115,
            0.04165967979657093,
            -0.015865787099466542,
            0.05747382288232639,
            0.030245109759142342,
            0.007797846883973244,
            -0.004947947827216726,
            0.004395767240009181,
            -0.01698287882778127,
            -0.02053172754294213,
            0.012311033980994101,
            -0.039450959030435974,
            0.04362697897786572,
            -0.03390994011710674,
            -0.007425825717153143,
            0.012674324291755294,
            -0.034999593137714745,
            0.04689761237833219,
            0.01246884823330823,
            0.022310795925346995,
            0.016372365440512737,
            0.020492818903008723,
            -0.01308132684815987,
            0.02226862135755308,
            0.040705315815434504,
            -0.007747567329834646,
            -0.04802141144375956,
            0.022376898345162023,
            0.01604269618951097,
            0.049942071531030835,
            0.01767105072641705,
            -0.0015837018951331341,
            0.012342427888515686,
            -0.013286320067893372,
            -0.014882761877341747,
            -0.00606117578892624,
            0.030631599789944806,
            -0.0016737467401413066,
            0.00738272167530211,
            -0.0009675695763158227,
            -0.014015247831631258,
            0.048676371415851856,
            0.020545624853446916,
            0.042439154880861495,
            0.04041734303894885,
            0.00025356431931499444,
            0.02043447849643506,
            0.020070396204509112,
            0.04051895171247783,
            -0.03912569966606268,
            0.0027437172652764186,
            0.028908651476378357,
            -0.011034827016150224,
            0.027571361703045322,
            0.00890771935124542,
            -0.05182217979135961,
            0.02653004093913886,
            -0.0032276427969897365,
            0.01362351208306357,
            -0.0018451025730404267,
            0.0019817399341289783,
            -0.013254022302489581,
            -0.01079993854371194,
            -0.018427551547726902,
            0.03131634447620889,
            -0.03005245678280321,
            0.01884523412426025,
            -0.0059640575424018405,
            0.03698528814940321,
            0.07334778039163148,
            -0.03539240189742528,
            -0.01206082268085662,
            0.019277752104700775,
            0.02593704483690567,
            -0.0027446037812636813,
            -0.010156668322906508,
            -0.028850933248330005,
            0.03352829291748094,
            -0.00473833526617975,
            0.015480583125116293,
            -0.004416930866345813,
            0.015587578112903127,
            0.01523674304556745,
            -0.0017661066789638662,
            0.02263494280860001,
            0.041939909949076176,
            0.009144594266408786,
            -0.018156094681564528,
            0.044045871186908024,
            0.0008609362868950066,
            0.024326664745783443,
            -0.0040205370985072885,
            0.01869407325826328,
            9.819012191680755e-05,
            -0.027461654573736647,
            -0.010043770513178361,
            0.038899543753308945,
            0.015939427860591614,
            -0.02224630951338436,
            0.012547883340447777,
            0.04723174461494507,
            0.012564947195350397,
            0.00804144029131955,
            -0.006382970398710907,
            0.001698866306038201,
            0.008934726656347359,
            0.007117968515528676,
            0.0031382046036425464,
            -0.007540442771067513,
            0.021331252920636215,
            0.0013578502462890504,
            -0.013127460225453975,
            -0.03367509707733567,
            -0.023484948168906984,
            0.01638646589793746,
            -0.03874383268812849,
            -0.020373769205380483,
            -0.023811872746492383,
            -0.010865317942424072,
            -0.0006421494851186114,
            0.012934492143973875,
            -0.005345712025703756,
            -0.0007933269213763472,
            -0.008695682880309323,
            0.025666088779029775,
            0.033089643696407094,
            0.030075403298752017,
            0.007799971367752481,
            0.023768336997060602,
            0.019404018628863533,
            -0.006057189131839594,
            0.01700575001611039,
            -0.03199698955404612,
            -0.008562222326124296,
            -0.0076988119862225445,
            0.010719641556893623,
            0.028207370273276022,
            -0.02275247628670658,
            -0.007603879800498954,
            -0.018152190188301,
            -0.03057597738636574,
            -0.0062847670322810495,
            -0.007693744752232175,
            3.7211158388482336e-05,
            0.020411231153729288,
            0.018746041390001456,
            -0.031842173097737236,
            -0.1330763941303409,
            -0.02078844351964394,
            -0.040683072686816896,
            -0.010620858037354363,
            0.011516623541458463,
            -0.005017688029452993,
            0.031808346051681785,
            -0.03924132450432367,
            0.013414601997742212,
            0.027110904366968898,
            0.03539623524062967,
            -0.0380156204816121,
            0.00549660478022135,
            -0.022060108398564527,
            0.0026394277763789964,
            0.004993884608531789,
            -0.009929372669697161,
            -0.0034613617753262663,
            -0.008070944989008308,
            0.02799765960715807,
            -0.02167663969116195,
            -0.010238539414416686,
            -0.005391494418513819,
            -0.002995684479628335,
            -0.013504467009940653,
            -0.02647694219370032,
            0.01238201322564509,
            -0.00926720958157913,
            -0.0222995457714287,
            0.04267157281385533,
            -0.01709167236382547,
            0.002848488629669617,
            -0.024750763000179504,
            -0.0067565157353057115,
            0.0021689062400043076,
            -0.04395020780635611,
            0.002603381159573919,
            -0.01803319963384876,
            0.004451035800014694,
            -0.022060369957778075,
            -0.029657586535360592,
            -0.003711394616496293,
            -0.03437990868839173,
            -0.009277692903849381,
            0.01026487071245322,
            0.019278812622588844,
            -0.0022125285695740564,
            0.003474835470472148,
            -0.0328041570365075,
            -0.033658500849446195,
            0.002396928950570757,
            0.02142299566290777,
            -0.0020115355353778584,
            0.021341683509365012,
            -0.028841595304515757,
            0.015595418253713397,
            -0.008720258060372462,
            0.008237769991609,
            0.04550126607332878,
            0.015146262750849874,
            0.013589084763755385,
            -0.019984813057204863,
            0.007690999875056855,
            0.01594399582691399,
            -0.004474663048751233,
            4.495149049212727e-05,
            0.0008944994713409581,
            0.003850932546454271,
            -0.036873095066515656,
            0.009594037655829727,
            0.005552588370324935,
            8.791114609447547e-06,
            -0.016400310961272438,
            -0.010844687495911144,
            0.015645374468520386,
            -0.035103116129841475,
            -0.04810669258912955,
            -0.019319229450287297,
            -0.00011356284378137094,
            -0.022022242427876725,
            -0.013249673546600373,
            -0.011257554662285401,
            -0.012922275663249654,
            0.03820529521421411,
            -0.029939042383888025,
            0.013202287741072159,
            -0.0056079244693793264,
            -0.003697800429056735,
            -0.004391994236196447,
            -0.0009914665185644781,
            0.015582019724504967,
            0.0024224017418887174,
            -0.018266803185585267,
            0.007621582768966384,
            -0.009469795664108304,
            -0.009381536315752984,
            -0.007937685350994135,
            0.00954540599338419,
            0.020915969165612967,
            0.027842773785919282,
            -0.0031616275092435,
            0.033155383469920245,
            0.011690019382061049,
            -0.010843258489961854,
            0.011973402327703542,
            0.02908599095553251,
            -0.008286865428196543,
            0.018073414450377717,
            0.018119592327022628,
            -0.052721277099499246,
            0.00235610778160035,
            0.002446986677710022,
            0.030875661148993663,
            -0.009810884344544378,
            0.009569331006029223,
            -0.017319448827433328,
            -0.009705761326574906,
            -0.02620046750134131,
            -0.0035314713772393305,
            0.03486063232348757,
            0.008558911128603738,
            0.0036935402758641036,
            -0.05068227224519927,
            -0.040895500993283665,
            -0.024538542934591602,
            -0.015399239980297491,
            0.03033665803562939,
            -0.015786015179211726,
            0.009799798436768724,
            -0.027836772352149458,
            -0.01068285216760713,
            -0.02370297650123779,
            0.0346959859986474,
            0.05638891200493839,
            -0.011680953706910817,
            -0.0009008614578696473,
            0.002573259464444557,
            0.02042495062983803,
            0.01354733113362653,
            -0.025712176602726226,
            -0.030498965615451873,
            -0.0035907178068850833,
            0.015009616018495315,
            0.021361447417402746,
            -0.0201215754586828,
            -0.003800309157211583,
            -0.007812885638559308,
            -0.006737435825338212,
            0.011286126823068569,
            -0.0265605108686349,
            -0.012237637661322489,
            -0.0019281325024659102,
            -0.017811632943311187,
            0.009269581995566715,
            0.01927682252942664,
            0.020755752603033854,
            0.006004028403848968,
            0.03324100665507714,
            0.00047455123458806027,
            -0.06203443845128393,
            0.029011364416550403,
            -0.016596147844280235,
            -0.03279441052735252,
            0.016869687291061308,
            0.03256127411625753,
            -0.012342624139429431,
            0.014756428827625163,
            0.011566572860259264,
            -0.06986812551549783,
            -0.03344039974493418,
            0.053568212377991406,
            0.0039039166661658724,
            0.03876992351983808,
            0.014004313350729146,
            0.011055974578973615,
            -0.0014962036480714843,
            -0.014410194907885188,
            0.019347894584898596,
            -0.018579614567980428,
            -0.03217194854670428,
            -0.03559572657819896,
            -0.004796475953460682,
            0.007290731428728617,
            0.0152068703869409,
            -0.009296060136723263,
            -0.017346730470266133,
            0.01567832126559185,
            -0.04694330242631703,
            0.024038873373952316,
            0.020185837366614712,
            0.013151817330834377,
            0.025441432372905682,
            -0.012121579026700472,
            0.021261367456650207,
            0.0202924823643616,
            0.00010961830934155527,
            -0.011657121952031526,
            -0.0515842710497683,
            0.021559493036130705,
            0.005714831026339768,
            0.00384295830915252,
            0.02245268188432865,
            0.004362190233318249,
            0.011937019800132129,
            0.005079736130877123,
            -0.0013393723335758398,
            0.052626363188324546,
            0.044060858302951283,
            -0.00027233660839882435,
            -0.041911903095143185,
            -0.02911563166596037,
            -0.06888520705921354,
            0.04184512113875608,
            -0.007558936828797547,
            -0.009313715705998581,
            -0.06132094425621227,
            0.0024668379623273002,
            -0.0203402463933333,
            0.006568493112709093,
            0.01623643791714172,
            -0.017799660904040428,
            0.01003002763193036,
            -0.004685197336026316,
            0.006046967368782893,
            0.022510627436070373,
            -0.01622962267843816,
            0.008683902042203045,
            -0.010344809068847965,
            -0.0036433649321275315,
            0.036116416247802575,
            0.018133277241596853,
            0.0056337920340256455,
            0.020053404067540845,
            0.01481413788816646,
            -0.011103238041519723,
            -0.003375828663493721,
            0.011112210986027642,
            0.009270162716551332,
            0.05573554053817734,
            -0.017479500130374737,
            -0.022929072056739278,
            0.010319682941822233,
            -0.003323602633167058,
            0.006803602033210458,
            -0.0016451984008783375,
            -0.04169241549646944,
            -0.006994314263053433,
            0.010286211686814276,
            0.0038786108788630585,
            0.017259752999477546,
            0.0005519899539182787,
            -0.04996661466557108,
            0.028929749063532798,
            -0.02156669047340427,
            -0.006463855104399507,
            -0.028420979267533706,
            -0.018034740435011923,
            -0.011628344859199193,
            -0.007405569396701809,
            0.013328789539181329,
            0.006309489806722481,
            -0.008279462572502175,
            -0.011718125010829708,
            0.0033249546472978735,
            -0.0028917258448836673,
            0.006126421426024241,
            0.025662557803200828,
            -0.0038401635785636264,
            0.013220082730337883,
            -0.015191558795815595,
            -0.03316038993861254,
            -0.012463139431531588,
            0.024607751133506394,
            0.03760830440276177,
            0.002422988811380201,
            -0.022091450626791513,
            -0.0027882610524285886,
            0.04157482798606381,
            -0.022763061831815597,
            -0.005771867568570541,
            0.016187779765670082,
            0.05751224733697554,
            0.004648936177368808,
            0.015277241812954161,
            0.009197473395221171,
            0.02943202967860559,
            0.03587372154670973,
            0.003658077669688135,
            0.012328746867564397,
            0.024735149407119947,
            0.013711090962855332,
            0.024322573087609635,
            0.009022600439633165,
            0.031184361787605093,
            -0.002492115556978364,
            -0.014925590669183869,
            0.011459639814272725,
            -0.0010778961962680078,
            -0.012464980328569327,
            0.029206588836701724,
            0.010751986295583113,
            -0.010513584412020747,
            0.016035638780854816,
            0.021103076896187508,
            -0.004018053334925676,
            -0.02630311251598492,
            0.02665579553937169,
            0.02671310179482801,
            -0.015060192058823162,
            -0.025796602485621777,
            -0.024976409423511335,
            0.016603946690556978,
            0.020542820955350972,
            -0.01905852622824773,
            0.010803776876862842,
            -0.012551624927078056,
            -0.007102706048259498,
            -0.0564106409381252,
            -0.027822111212379874,
            -0.023313646956558028,
            -0.031932571857634595,
            0.003273715002792789,
            -0.02993877384716471,
            0.007044256604344465,
            -0.0023272283799941613,
            -0.038437679316555805,
            0.0009232690948666805,
            -0.0013216366090790285,
            0.01195788900934635,
            0.028131640603401283,
            0.018217975515411797,
            -0.011779977408839412,
            -0.008656949235395893,
            -0.0035464217417507933,
            0.050617548774161,
            0.025288649820304144,
            -0.01496424399653111,
            -0.0026282502023958296,
            0.03297116912251489,
            -0.04759112223767894,
            0.007623210338082079,
            0.008133941629723578,
            0.0041669393445167196,
            0.02276211384002378,
            0.02723646450141722,
            -0.013647651113761237,
            -0.013269721568503033,
            0.0015050147809447917,
            -0.01954097519247494,
            -0.012616359269249032,
            -0.013469077906828273,
            -0.027594629652266056,
            0.00321006182577665,
            0.014551259061071556,
            -0.0033333273593048416,
            0.012884102132805867,
            -0.01454978662119996,
            -0.011316065480125514,
            0.012223893603572263,
            -0.030655465659413825,
            0.0023344900713206827,
            0.003285409803828914,
            0.0025170632206051344,
            -0.013020801517198298,
            -0.011113979801014766,
            -0.019888802160547895,
            -0.014894041886785652,
            0.03862770119982169,
            0.007596176666209412,
            0.0050644009716053874,
            -0.01202069925678552,
            -0.012411119538995229,
            -0.06552141683828903,
            -0.0033185706800807017,
            -0.026378717085005055,
            -0.003372375125103092,
            7.305053601959662e-07,
            -0.040538655990967926,
            0.07275736889555749,
            0.03369486788137959,
            -0.018203300949071036,
            -0.01189031336816883,
            -0.010158294674768186,
            0.008644371873123127,
            -0.005824783226104801,
            0.03383578402480043,
            -0.01613809784784217,
            -0.02377479177945957,
            0.005169790538734917,
            -0.016064920901610893,
            0.019724754526265258,
            0.011399170421669878,
            0.013502430997739602,
            -0.025944884814708778,
            0.024107032575490538,
            0.001957193118587772,
            0.051277932298414576,
            0.014800733435695105,
            -0.0014829517989758973,
            0.004790705108004267,
            -0.014650960848989118,
            0.022242626339047705,
            0.012083927155568889,
            -0.04891019417802152,
            -0.01673186305322427,
            0.0160705068740338,
            0.03501808932431438,
            0.0009840768360675264,
            0.002180576733148602,
            0.008760727135240733,
            0.02402414343712804,
            0.055894086411226195,
            0.03154355052208961,
            -0.012628058188042947,
            0.0238756349200981,
            0.0418217303601816,
            0.02026714278715845,
            0.023797384330241905,
            -0.006208643765580175,
            -0.030263822884674274,
            0.00600009464331094,
            -0.0043010656432614595,
            -0.008161009822378962,
            -0.025447837829014493,
            0.05227567609985931,
            -0.010411408362574745,
            0.012459323246839077,
            -0.014236951629906578,
            0.0073684896061712146,
            0.0318315504159418,
            0.02146355904978863,
            -0.05914324294684789,
            0.01002825889844682,
            -0.034526566460603,
            0.00743156664595626,
            0.014580206088655416,
            0.0072773437299010965,
            -0.01038306352548495,
            -0.031280522630982334,
            0.008514181769424449,
            -0.01752116042123427,
            -0.011378559405169698,
            -0.03677403205761679,
            -0.010827494524275607,
            -0.02990498781170518,
            0.013478929478198105,
            0.019761592106091467,
            -0.0205691223978619,
            0.008517853300994228,
            0.031563968735679133,
            -0.032538245983984936,
            -0.019624795204869174,
            0.017480675364356345,
            -0.0013733520645106347,
            -0.021854884163948745,
            -0.023606777953298918,
            -0.030124766054808863,
            -0.013263209265050136,
            0.020618189601045896,
            0.0008384116056073887,
            0.020023704295440568,
            0.005524743246522976,
            -0.03622407113838979,
            0.016453193822025525,
            -0.003735993724390616,
            0.03145333218292186,
            -0.019644647462229717,
            -0.02568061216168282,
            -0.013862673536826605,
            -0.02727340373620698,
            0.03792996646818632,
            0.015326077880325438,
            -0.031152897196682572,
            -0.019706544643527835,
            -0.017612666185933767,
            -0.01013173670241708,
            3.367847893388635e-05,
            -0.010535078841570393,
            0.018872994833114123,
            0.011798210251096258,
            -0.022423608670748257,
            -0.020183048112343963,
            0.020859120700570517,
            -0.0026875939995929144,
            -0.019134466995295436,
            0.0031724033323885393,
            0.009178157075556833,
            -0.029541261717019707,
            -0.021189505773017953,
            0.05608929430120608,
            0.04030552639437555,
            0.0021655898704791092,
            -0.0027438357336865516,
            -0.009731713833292736,
            0.02002112869378126,
            -0.03610553798919681,
            -0.03791304556278078,
            -0.005744796090919228,
            -0.03817059700517816,
            -0.0038041180811191834,
            0.03172481631827629,
            0.0025985516475495697,
            -0.009687327568147207,
            0.003362176565414099,
            -0.00760570514143345,
            0.02332435192376948,
            0.007613183163065265,
            0.012031261720119736,
            0.01865963214694272,
            -0.019016719012764596,
            0.01949953516629543,
            -0.032084689964434025,
            0.03893634466310695,
            0.026568365937207974,
            0.022996069734804676,
            -0.013092229485973113,
            0.005888299863258412,
            -0.009938023126686292,
            -2.8226105117947452e-05,
            -0.0059317166368700654,
            0.02929802977947306,
            -0.00911827067543947,
            -0.057251211973538496,
            0.005964164267490551,
            0.01499207877632379,
            -0.050347482377286895,
            0.02656660527623285,
            0.0050322928857985585,
            -0.0031351028156136945,
            -0.011424125488050364,
            -0.028996639022727866,
            -0.0002939309383466289,
            0.0015774648780094286,
            0.014108357515796435,
            0.023729759362774237,
            -0.0005250473192502229,
            0.008044586188450616,
            0.016653431140217133,
            -0.008677013807183422,
            -0.030419375018348,
            0.03143698373341522,
            0.0023542921913300456,
            -0.02070502980108957,
            0.03766764439891827,
            -0.018445228981523003,
            -0.022594643617874763,
            0.02271048048662513,
            -0.004330778071623674,
            -0.004839369019731656,
            0.023968371086828692,
            -0.03396163744062073,
            0.003897966703500188,
            0.005360641702196661,
            0.0034252241755799483,
            -0.035063501018690046,
            -0.013179149435707763,
            0.03365435004809639,
            -0.019743928627314902,
            -0.008761668231026365,
            -0.0037747640393322587,
            0.038921529702707576,
            0.00399086131979739,
            0.026066917380579452,
            -0.011495007702243121,
            0.02316672824361693,
            0.007601113079841215,
            0.01893410749712889,
            -0.0270845272313971,
            -0.019988785658717423,
            -0.0040796636037345796,
            -0.01069786159379101,
            0.021972329779104134,
            0.021580040893576576,
            0.038346360067387786,
            -0.004660555285344059,
            0.03585593629282628,
            -0.0009137171941274813,
            0.03733835442560684,
            0.07897238822096908,
            -0.024342992436949595,
            0.06350651783341339,
            -0.00944108390061414,
            -0.012290031557665072,
            -0.005104804818352503,
            0.032079975641363265,
            -0.022309705551933314,
            0.027461934630971473,
            0.027304219680616446,
            -0.009371730095546784,
            -0.024381094817334237,
            0.004338957939968197,
            0.01872817176192171,
            0.0034708263809895036,
            0.006920217841046556,
            -0.004065965424271409,
            0.015622544706836888,
            -0.0071031665360806445,
            -0.010321275949403418,
            -0.022281711191255098,
            -0.032611682462439645,
            -0.02239919988607325,
            -0.024777190760799053,
            -0.03407881395117758,
            0.005335758860498061,
            -0.012132868122147849,
            -0.0066188654586176905,
            0.017096609872455912,
            0.032947510375092304,
            -0.05123814389586882,
            -0.0017065299200730317,
            -0.013740227213234663,
            -0.00978921394590656,
            0.0687316451817092,
            0.024742290540593598,
            -0.018727061917743492,
            -0.02194015898118777,
            -0.05211611846733731,
            -0.029223183928840765,
            -0.019160047606700745,
            0.018309422420872908,
            -0.008811111426904779,
            0.01861763427779443,
            0.025989074220313553,
            -0.007559911816362995,
            0.03810839859225502,
            -0.020973922667607725,
            -0.026441036623656274,
            0.010958942957770482,
            0.008899619273343663,
            0.005316785650811868,
            0.0064396660776569956,
            -0.003356117488997437,
            -0.004101403367302304,
            -0.008659719870714927,
            -0.019213325403789363,
            -0.016024359988664933,
            -0.05229660153136987,
            -0.03971967596861774,
            0.01720191648507719,
            -0.015997466386161466,
            0.025733620772669316,
            -0.02617758223706221,
            -0.003244771473820528,
            0.03439216305639818,
            -0.04736192790347867,
            0.004362127540922141,
            0.021807754320385498,
            -0.01969181000069466,
            -0.036587789648263425,
            0.02866300595256597,
            -0.019846719430831675,
            0.007814200333283111,
            -0.009542336357189218,
            -0.024558786558029205,
            0.028827718032650718,
            -0.02745125043328216,
            -0.0206729393207394,
            -0.0018409490739521037,
            -0.0027310203993976302,
            -0.010077109477531203,
            0.02594783563742832,
            -0.01403973003786627,
            -0.029048811335919394,
            0.022440980816289244,
            -0.006068382941206181,
            -0.012084425896113455,
            -0.0246808754276998,
            -0.009265446730606718,
            0.01710512841408783,
            0.023111563630451727,
            0.025050697431174846,
            -0.008680946047478863,
            -0.0021332342097171776,
            -0.0029488208583199936,
            -0.0033230949173615144,
            0.01674995602987087,
            -0.008362831426264542,
            0.011956954160188101,
            -0.011109924772117379,
            -0.03741201011449472,
            0.003990277044498691,
            0.04082719569642583,
            -0.02491531330938144,
            0.04200034729615613,
            0.04680619788383517,
            -0.009786124230320036,
            -0.011413106187332116,
            -0.002403994979234646,
            -0.000375890085054063,
            -0.004648743333706363,
            -0.005749497778103943,
            -0.055188315937245616,
            0.0668254604495584,
            -0.023801827682081313,
            0.015801760932139242,
            -0.007216786799036473,
            -0.009430351695105706,
            0.027823382827440908,
            0.028492540205912575,
            0.018028111225468203,
            0.006716923542921915,
            -0.019462872095117562,
            -0.01703261015340292,
            0.001100668325823845,
            -0.03924147589044542,
            0.03545348705891889,
            -0.03138440388941637,
            0.02850942330553947,
            -0.004250991832233061,
            0.05048992277198602,
            -0.02082986918593586,
            -0.025756955247443872,
            0.033424905247962725,
            0.0026434496838058114,
            -0.04820191320824741,
            0.009401657820343336,
            0.021959832186898242,
            0.008208578736187352,
            0.011718743335158948,
            0.0003806456370991551,
            -0.03996376868438383,
            0.030712682511300486,
            0.02033406923366113,
            0.004423309428560477,
            0.020601512487715017,
            -0.0014943572033999663,
            -0.010258001563705984,
            -0.007097092451060062,
            0.015109978389487126,
            -0.004266060887964578,
            0.014591850934398487,
            0.04144322463694051,
            -0.005475383268714526,
            0.007068210863888096,
            0.003503392176369085,
            -0.020749160145021928,
            -0.010627319797263095,
            -0.030727286211519725,
            0.01747291432385825,
            0.02952051054964674,
            -0.020694126392967086,
            0.008105262216728276,
            0.010326583081845513,
            -0.008127203423590282,
            0.01959695580057117,
            -0.008096601374978075,
            0.02011320666133713,
            -0.027920031114323608,
            -0.024539771267555854,
            -0.03561734120016028,
            -0.02367647256118574
        ]
    },
    {
        "doc_id": "f5f4ecb4f81b11ef9b4f0242ac120006",
        "kb_id": "ed952a8ef81b11ef870d0242ac120006",
        "docnm_kwd": "\u9648\u6b63\u82f1-\u6570\u636e\u7814\u53d1.pdf",
        "title_tks": "\u9648 \u6b63 \u82f1 \u6570\u636e \u7814\u53d1",
        "title_sm_tks": "\u9648 \u6b63 \u82f1 \u6570\u636e \u7814\u53d1",
        "page_num_int": [
            1,
            1
        ],
        "position_int": [
            [
                1,
                37,
                553,
                557,
                568
            ],
            [
                1,
                34,
                550,
                572,
                677
            ]
        ],
        "top_int": [
            557,
            572
        ],
        "content_with_weight": "\u54d4\u54e9\u54d4\u54e9-\u79fb\u52a8\u7aefAPM\u6570\u636e\u6307\u6807\u4f53\u7cfb\u642d\u5efa\u6570\u636e\u4e0a\u62a5\uff1a\u4e86\u89e3kafka\u3001hadoop\u3001\u0000ink\u7b49\u6570\u636e\u94fe\u8def\u4e0a\u62a5\u548c\u6570\u636e\u6e05\u6d17\u539f\u7406\uff0c\u5bf9APM\u4e2d\u5d29\u6e83\u3001\u56fe\u7247\u3001\u7f51\u7edc\u7b49\u76f8\u5173\u4e1a\u52a1\u6539\u8fdb\u4e0a\u62a5\u89c4\u8303\u3001\u76d1\u63a7\u6570\u636e\u8d28\u91cf\u3002\u6570\u636e\u5b58\u50a8\uff1a\u9488\u5bf9\u4e0d\u540c\u7684APM\u4e1a\u52a1\uff0c\u63d0\u51fa\u4f18\u5316\u7684\u6570\u636e\u4e0a\u62a5\u903b\u8f91\u548c\u5408\u9002\u7684\u91c7\u6837\u7387\uff0c\u4ee5\u964d\u4f4e\u5b58\u50a8\u6210\u672c\u548c\u6570\u636e\u8ba1\u7b97\u6210\u672c\u3002\u6570\u636e\u4ed3\u5e93\uff1a\u6839\u636eAPM\u4e1a\u52a1\u7279\u6027\uff0c\u8bbe\u8ba1DWD\u3001DWS\u3001ADS\u5c42\u6570\u636e\u6a21\u578b\uff0c\u4f7f\u7528Hive\u8fdb\u884c\u6570\u636e\u6e05\u6d17\u548c\u805a\u5408\uff0c\u5f62\u6210\u6570\u636e\u8d44\u4ea7\uff0c\u4e3a\u62a5\u8868\u63d0\u4f9b\u67e5\u8be2\u6570\u636e\u3002\u6570\u636e\u62a5\u8868\uff1a\u5c06APM\u6307\u6807\u6392\u67e5\u601d\u8def\u901a\u8fc7\u6307\u6807+\u7ef4\u5ea6\u65b9\u5f0f\u4ee5\u95ee\u9898\u4e13\u680f\u62a5\u8868\u5f62\u5f0f\u5c55\u73b0\u3002\u79bb\u7ebf\u6570\u636e\u5904\u7406\u4f7f\u7528hive+\u89c2\u8fdc\uff0c\u5b9e\u65f6\u6570\u636e\u4f7f\u7528clickhouse+grafana\u3002",
        "content_ltks": "\u54d4\u54e9\u54d4\u54e9 \u79fb\u52a8 \u7aef apm \u6570\u636e \u6307\u6807\u4f53\u7cfb \u642d\u5efa \u6570\u636e \u4e0a\u62a5 \u4e86\u89e3 kafka hadoop ink \u7b49 \u6570\u636e\u94fe \u8def \u4e0a\u62a5 \u548c \u6570\u636e \u6e05\u6d17 \u539f\u7406 \u5bf9 apm \u4e2d \u5d29\u6e83 \u56fe\u7247 \u7f51\u7edc \u7b49 \u76f8\u5173 \u4e1a\u52a1 \u6539\u8fdb \u4e0a\u62a5 \u89c4\u8303 \u76d1\u63a7 \u6570\u636e \u8d28\u91cf \u6570\u636e \u5b58\u50a8 \u9488\u5bf9 \u4e0d\u540c \u7684 apm \u4e1a\u52a1 \u63d0\u51fa \u4f18\u5316 \u7684 \u6570\u636e \u4e0a\u62a5 \u903b\u8f91 \u548c \u5408\u9002 \u7684 \u91c7\u6837\u7387 \u4ee5 \u964d\u4f4e \u5b58\u50a8 \u6210\u672c \u548c \u6570\u636e \u8ba1\u7b97\u6210\u672c \u6570\u636e\u4ed3\u5e93 \u6839\u636e apm \u4e1a\u52a1 \u7279\u6027 \u8bbe\u8ba1 dwd dw ad \u5c42 \u6570\u636e\u6a21\u578b \u4f7f\u7528 hive \u8fdb\u884c \u6570\u636e \u6e05\u6d17 \u548c \u805a\u5408 \u5f62\u6210 \u6570\u636e \u8d44\u4ea7 \u4e3a \u62a5\u8868 \u63d0\u4f9b \u67e5\u8be2 \u6570\u636e \u6570\u636e\u62a5\u8868 \u5c06 apm \u6307\u6807 \u6392\u67e5 \u601d\u8def \u901a\u8fc7 \u6307\u6807 \u7ef4\u5ea6 \u65b9\u5f0f \u4ee5 \u95ee\u9898 \u4e13\u680f \u62a5\u8868 \u5f62\u5f0f \u5c55\u73b0 \u79bb\u7ebf \u6570\u636e\u5904\u7406 \u4f7f\u7528 hive \u89c2\u8fdc \u5b9e\u65f6 \u6570\u636e \u4f7f\u7528 clickhous grafana",
        "content_sm_ltks": "\u54d4\u54e9\u54d4\u54e9 \u79fb\u52a8 \u7aef apm \u6570\u636e \u6307\u6807 \u4f53\u7cfb \u642d\u5efa \u6570\u636e \u4e0a\u62a5 \u4e86\u89e3 kafka hadoop ink \u7b49 \u6570\u636e \u94fe \u8def \u4e0a\u62a5 \u548c \u6570\u636e \u6e05\u6d17 \u539f\u7406 \u5bf9 apm \u4e2d \u5d29\u6e83 \u56fe\u7247 \u7f51\u7edc \u7b49 \u76f8\u5173 \u4e1a\u52a1 \u6539\u8fdb \u4e0a\u62a5 \u89c4\u8303 \u76d1\u63a7 \u6570\u636e \u8d28\u91cf \u6570\u636e \u5b58\u50a8 \u9488\u5bf9 \u4e0d\u540c \u7684 apm \u4e1a\u52a1 \u63d0\u51fa \u4f18\u5316 \u7684 \u6570\u636e \u4e0a\u62a5 \u903b\u8f91 \u548c \u5408\u9002 \u7684 \u91c7\u6837 \u7387 \u4ee5 \u964d\u4f4e \u5b58\u50a8 \u6210\u672c \u548c \u6570\u636e \u8ba1\u7b97 \u6210\u672c \u6570\u636e \u4ed3\u5e93 \u6839\u636e apm \u4e1a\u52a1 \u7279\u6027 \u8bbe\u8ba1 dwd dw ad \u5c42 \u6570\u636e \u6a21\u578b \u4f7f\u7528 hive \u8fdb\u884c \u6570\u636e \u6e05\u6d17 \u548c \u805a\u5408 \u5f62\u6210 \u6570\u636e \u8d44\u4ea7 \u4e3a \u62a5\u8868 \u63d0\u4f9b \u67e5\u8be2 \u6570\u636e \u6570\u636e \u62a5\u8868 \u5c06 apm \u6307\u6807 \u6392\u67e5 \u601d\u8def \u901a\u8fc7 \u6307\u6807 \u7ef4\u5ea6 \u65b9\u5f0f \u4ee5 \u95ee\u9898 \u4e13\u680f \u62a5\u8868 \u5f62\u5f0f \u5c55\u73b0 \u79bb\u7ebf \u6570\u636e \u5904\u7406 \u4f7f\u7528 hive \u89c2\u8fdc \u5b9e\u65f6 \u6570\u636e \u4f7f\u7528 clickhou grafana",
        "id": "bff97f4deed7db62",
        "create_time": "2025-03-03 19:10:49",
        "create_timestamp_flt": 1741000249.547372,
        "img_id": "ed952a8ef81b11ef870d0242ac120006-bff97f4deed7db62",
        "q_1536_vec": [
            0.01876428018976313,
            0.04582062941201753,
            -0.005291234461293907,
            -0.0048729969051300144,
            0.03789549722674224,
            -0.01087095347013814,
            -0.008146772739596943,
            -0.013986297310800004,
            0.00200081099597261,
            -0.0004762874444480058,
            0.02914692109816548,
            -0.019398746519917187,
            0.017628824949628676,
            0.02379688078155874,
            -0.0076038023244004915,
            -0.011480245543311564,
            0.047912575014736725,
            -0.008682357082708569,
            -0.002613402039868325,
            0.013471034336839018,
            -0.0313053392722302,
            0.0033821605475502356,
            0.0014700359068396084,
            0.03659977841584336,
            0.003736027124692084,
            0.030302389418895806,
            -0.018349996253008413,
            0.023246079048034142,
            0.015053589067838723,
            -0.013391062583877152,
            -0.04258208494810311,
            0.02402718764861583,
            -0.0016204159717081654,
            -0.016090930762175732,
            -0.01682783457568843,
            -0.007452621895816896,
            -0.008697112829729103,
            0.0026176241860432587,
            -0.009118758057369626,
            -0.05462981356366964,
            0.01588966016793745,
            0.059894291960448806,
            -0.0022285416013495306,
            0.0033962114944311467,
            -0.05421059563662746,
            0.004610369220917241,
            -0.017061807156365065,
            -0.00938823936006533,
            -0.022216319524048248,
            -0.003299768568017434,
            -0.026676104123520058,
            -0.02118571662160515,
            0.04634804562701555,
            -0.012497958674482775,
            0.0004994827956527851,
            0.005502333675323292,
            -0.025686793507140444,
            0.02117900186900888,
            0.0593129261143027,
            0.013103605493401496,
            0.021415390157251843,
            0.027737217022331905,
            -0.005564172153986739,
            0.02193554439187062,
            0.008301799918433793,
            0.00695882262565832,
            0.014186368648613435,
            -0.005770716571687153,
            0.032223115024769294,
            0.021359967609477355,
            0.030248499784015656,
            0.013171288858537767,
            -0.016439064358020748,
            0.011572325746518423,
            0.004879615880842464,
            0.027495963448759965,
            0.009942491956045567,
            0.01140391211430275,
            -0.03777098950422213,
            -0.008554087062761529,
            -0.03199561051579264,
            -0.01686062374165229,
            -0.014375714057401155,
            -0.0284529226609128,
            0.028968845748536556,
            -0.0012982456770323923,
            0.025016256624679677,
            -0.020620100276356277,
            -0.031936041139362194,
            -0.0015676023361863277,
            0.024682445145798912,
            0.016678167824818627,
            -0.007210382637133585,
            -0.039680311879589994,
            -0.03568330462691459,
            -0.0033415820577684264,
            0.032964132098227246,
            -0.04483070180571053,
            -0.011236912793628175,
            -0.001523893674798246,
            -0.0022803042041874173,
            0.01724804577432439,
            -0.008145550890723212,
            0.0059234272235374474,
            -0.0027924970143581927,
            -0.003046945417988063,
            0.009784006439602904,
            0.02798112263423089,
            0.001574088353860359,
            -0.01606381158568463,
            0.005135752075505836,
            0.003843613078551409,
            0.025362724057462392,
            0.020879921039512982,
            0.02905098196741426,
            0.0554115804995252,
            -0.009238614919107864,
            -0.03819108627505281,
            -0.01439642419389438,
            -0.007040013920512055,
            -0.0004931371341261848,
            -0.010429153819813426,
            0.03893097342761352,
            -0.011889741654696381,
            0.0008005803704813305,
            -0.01018275643157169,
            0.008237868593208969,
            0.023853868071959945,
            0.029336787719996774,
            0.011410974249484538,
            0.01347087673898832,
            -0.01197731105935927,
            0.04440625822653918,
            -0.011727496029576937,
            -0.0027732139232407816,
            0.005484327829241574,
            -0.006729974253520249,
            0.020001382009606754,
            -0.02851393351834295,
            0.03139999501837087,
            0.004056030966403369,
            0.026089484050804558,
            0.025639607940724278,
            0.006066317917859563,
            -0.02821371583074869,
            -0.01779617773685629,
            0.011544952348958666,
            0.014528758968574577,
            0.033790572197793044,
            0.017392089649750878,
            -0.01750577256871158,
            -0.0017129454277079528,
            -0.028500060227554816,
            -0.014477208007918487,
            -0.019773376920849194,
            -0.007077913958443685,
            0.004821191834737502,
            0.0006204885212510738,
            0.0038353407060048948,
            -0.027448384609913137,
            0.010562448849124694,
            0.035043309943962236,
            -0.0034944779568719412,
            0.03923946239337922,
            0.014088367174872758,
            0.010389556359429675,
            0.00440936083301376,
            0.025689124279597523,
            -0.014845902654043706,
            -0.024291960181035698,
            0.025159048013173257,
            -0.01943650022605048,
            -0.015831655140028014,
            -0.056326972058945796,
            -0.027719883654959643,
            0.0390427952306088,
            -0.003586270393454467,
            -0.04100127283614836,
            -0.013941319445367289,
            0.042289677099240176,
            -0.007837494242652277,
            0.02626458012360119,
            0.002314979962965839,
            -0.004143447324613685,
            -0.013419511786081388,
            -0.009756071930501852,
            -0.00910444852115826,
            -0.0014326790715467703,
            0.02345680094168819,
            -0.017563341698993446,
            0.026501469267499054,
            0.002039632600305362,
            0.003023741209718346,
            0.035856843392824106,
            -0.013106776389023612,
            -0.008910142421108432,
            0.020645559248621412,
            0.01003946415491212,
            0.02282324038831783,
            0.014725036067896456,
            -0.012848601037434817,
            -0.011400173485222775,
            0.014591958449449929,
            -0.01653010204252036,
            0.00640738909329272,
            -0.015995339227318436,
            -0.021489542762606274,
            -0.003924939520193711,
            -0.012809449249911188,
            -0.005252407167099348,
            0.011374790312759541,
            0.029160096558643787,
            -0.026801319651091993,
            -0.042951220722589806,
            -0.03372838062352724,
            -0.05088717066289114,
            -0.005721817074337508,
            0.021465995386960406,
            -0.018022465368074673,
            0.015295409419658738,
            0.032496175399508075,
            0.0560073098868032,
            -0.011517052665263709,
            0.022278797640754078,
            0.022869524666782836,
            0.0026163430133378865,
            0.002039723934784273,
            -0.045296672814475754,
            -0.017384715597314873,
            0.010131739501175489,
            0.006632962471440547,
            0.01862045170344959,
            0.01183739101667808,
            0.040720449625375445,
            0.01540910035171866,
            -0.011814867202889507,
            0.0422406407857063,
            -0.029446486868450084,
            0.03342461228068784,
            0.00047962393476449214,
            -0.00796410373373271,
            0.004282608552996234,
            -0.00468660641859237,
            0.05290192380289659,
            0.044946950325374144,
            0.011394268982788764,
            0.0007401998117163048,
            -0.0042119254354807635,
            -0.013971088898052094,
            -0.0013214783206946133,
            0.05043119539895933,
            -0.04757481622775682,
            0.030772555951682462,
            -0.00022880478237531426,
            -0.009416636106173982,
            0.02611438452689535,
            0.019265760569828705,
            0.03137754454665953,
            -0.0018370824146977326,
            0.00048373665676070096,
            0.016855530676610855,
            -0.018096633035061684,
            0.01583193099833576,
            -0.02840968865496488,
            -0.02622971696594974,
            -0.037108958269050724,
            0.014356001570002002,
            -0.0018057325641384647,
            -0.0014036601244821042,
            0.011672077228733606,
            -0.004871896838640996,
            -0.053113207132732564,
            -0.011900053323333614,
            -0.022238640079704927,
            0.03133009589284188,
            -0.018269659020744167,
            -0.0014813724542561079,
            0.012159339518281386,
            0.009820870135532478,
            0.03194881106194152,
            0.0018629201263539192,
            -0.0095151540908173,
            -0.07208547726949502,
            -0.03244149302446685,
            0.011446409685092493,
            -0.03929246730445569,
            0.024486946466906905,
            0.0072264571321198024,
            0.011042977744510822,
            0.034851882530387714,
            -0.009201472805169707,
            0.002783191337203527,
            -0.031409098452918185,
            0.0044778997817314006,
            0.026434363364743144,
            -0.0812874130535737,
            0.050232331330669976,
            0.007027574366598945,
            -0.04104300667719013,
            0.012724615538834173,
            -0.005945097642494802,
            0.041428812141709064,
            -0.007681994254007779,
            0.002118416089359747,
            0.021537371379999275,
            0.0029374895931627205,
            0.015688126328655388,
            -0.008269017801003302,
            -0.041663866249403075,
            -0.009131112249556681,
            -0.04450559859232582,
            -0.003902175424760932,
            -0.004220158482137654,
            0.00016853639655454877,
            0.010386025477314122,
            0.028176115115401853,
            -0.01868827993494087,
            -0.029732190426184555,
            0.0350651144709992,
            -0.002371737906293869,
            0.011448560867764638,
            -0.009039364738253449,
            0.02099676475422261,
            -0.030871093969073816,
            -0.03861693006869852,
            -0.017991210283523323,
            -0.00941436216731278,
            -0.044726082367133296,
            -0.01469217494168195,
            0.025610514027386035,
            -0.00668076821817166,
            0.014507158923853803,
            0.01479438994108423,
            0.012501295647082184,
            -0.013724389312122586,
            -0.009124000588930833,
            0.02323530039393833,
            0.03758963037999075,
            -0.04743680569492092,
            0.01814049134844488,
            -0.02014467235713463,
            0.01603593172142931,
            0.008529857368210247,
            -0.022025028759777174,
            -0.016963235380109628,
            -0.0019497805759237886,
            -0.02352670823795868,
            -0.012425282890328173,
            0.016816252608631493,
            0.013928062796710886,
            0.0519649074175562,
            0.04963431809481096,
            -0.04123568975416858,
            0.008605728244926895,
            0.01855299174052548,
            0.012204438006819128,
            -0.005923493220273733,
            -0.0030848005120458367,
            -0.015247493511407988,
            -0.0004704995956409672,
            -0.008807235856161156,
            0.033530137496048766,
            -0.0056400645334552186,
            0.0007911945761076144,
            0.033238533924712814,
            -0.0271820650675322,
            -0.01950659523653735,
            -0.024300287124284833,
            0.03476615918005767,
            0.012430625103346641,
            -0.0029837784068290946,
            -0.00022864567043221276,
            -0.04157790560374646,
            0.027627528020061843,
            -0.002210115336592348,
            -0.02527025870625632,
            0.026613865861841623,
            0.022768836431285182,
            0.05471928810067751,
            0.03887879362437957,
            -0.022888794792280138,
            0.029866211846446916,
            -0.02172288681598962,
            -0.02500225860226074,
            0.060469997461317204,
            0.002187798119727006,
            0.009415708219224338,
            0.002589860748189978,
            0.0034633805374149258,
            0.038781161161107434,
            0.040851562068898985,
            0.023239186300787924,
            -0.013980154455853482,
            -0.0194019908595927,
            0.053389967295239545,
            0.020203928244330895,
            -0.004625412920037452,
            -0.007240117681673033,
            0.025153968303297178,
            0.03820672049491116,
            0.016981092789200822,
            -0.025113237026798817,
            -0.0022109087445116925,
            0.019070429011300977,
            -0.0005536188750245912,
            -0.008556072752715471,
            -0.000970322229205239,
            -0.020742260189344983,
            -0.014108449479664015,
            -0.004879692858518616,
            -0.006538924141844071,
            0.039535929970193735,
            -0.006508153515798508,
            0.036539810772711775,
            0.008587656893571525,
            -0.0026105357624695248,
            -0.030014468978560485,
            -0.01668567446434236,
            -0.029098926134820666,
            0.009972995219165521,
            -0.01807720906554431,
            -0.03724474657721963,
            0.0019310712188501493,
            0.006473023319862087,
            -0.0031987366782708533,
            -0.01339202957175702,
            0.02455618276832948,
            -0.030187034062751906,
            0.026495565840963128,
            0.005809937546334614,
            0.007814827584260492,
            0.00843199638332428,
            0.018325696202697542,
            -0.029754548376304236,
            -0.004890695174445045,
            -0.04237632983903476,
            0.026763227910988934,
            0.0029274823851065178,
            0.000645490283260791,
            -0.016420284941995093,
            0.03651670560132547,
            -0.0331131685040043,
            -0.019413494624789192,
            -0.0004432322881466268,
            0.020551980002716536,
            -0.02250274529228637,
            -0.005913197206884241,
            0.012538770935206892,
            -0.01931486226800672,
            0.009915001570979702,
            0.008448999729825987,
            0.0034273117703965766,
            0.011620205113539783,
            0.004867091336153986,
            -0.005261777908906151,
            0.01402709621635876,
            0.009709138475225332,
            -0.02049725318467894,
            -0.0012651218993304924,
            -0.016899655017403127,
            0.01469331741082098,
            -0.04203253043826642,
            0.03425086926620202,
            -0.0021727968603283605,
            -0.005246385695753792,
            -0.01841960461623936,
            -0.0169708913748209,
            0.01773405015605197,
            -0.04604453316540198,
            -0.012624388946728961,
            -0.03300910419497701,
            0.008209714799777596,
            0.0069383460283220086,
            -0.034495618256558204,
            0.003833891745176972,
            0.009920817345063261,
            -0.01983745155670461,
            -0.00849473646522346,
            0.010950292997642195,
            -0.026172155579792574,
            0.0025394227362614047,
            8.837221662895758e-06,
            -0.04533673507156794,
            -0.003354817393826371,
            0.03984304404063314,
            -0.011377618472270956,
            -0.014501040961438538,
            -0.012340966803005867,
            -0.037217531670154756,
            -0.02452005326314181,
            0.005018078708455054,
            -0.015599513867336209,
            0.006739867386244878,
            -0.012630768447720767,
            -0.02445089639712006,
            -0.001269496516966795,
            -0.0048560791893288826,
            -0.015877008971842542,
            -0.01089204768808856,
            -0.01795925776276787,
            0.009389358485498042,
            -0.03933414260543436,
            0.02521924514248452,
            -0.006988071134274072,
            -0.028466953510141058,
            0.03334136874271784,
            -0.02392953969709431,
            -0.01926084891237166,
            -0.02488678913359614,
            -0.02940811392797313,
            0.02932984689415527,
            -0.006774979910356371,
            0.0029999223950440083,
            -0.012027992357844254,
            -0.0008729038195295193,
            0.013247340716222002,
            0.008647359844810569,
            0.07194471075070676,
            -0.006059766942158203,
            0.02037881074581404,
            -0.021956993152272165,
            -0.016440840538876927,
            0.004058405810906131,
            0.02065865895560787,
            -0.0208986235335286,
            -0.015600078479989163,
            0.02189420371192728,
            0.01546989074694424,
            -0.02629416436610433,
            -0.009032419905862336,
            -0.014150131717843814,
            -0.01651586269507023,
            0.003893528801655897,
            -0.028067097376954227,
            -0.04055552280322964,
            0.0013763469631034558,
            0.0011135509574971246,
            -0.01638796810355596,
            -0.009783344951013023,
            -0.018729950747087002,
            0.04968250289165724,
            0.01248891570913026,
            -0.031341075458677155,
            0.007526775623379457,
            0.04201488040518896,
            -0.009519507354076168,
            0.004108574178421276,
            -0.00559576965000815,
            0.02530117842787097,
            0.022206133393965377,
            -0.013240196149965683,
            0.0019652831732602577,
            0.024943100578722278,
            -0.018047363173132394,
            -0.017706247751755725,
            -0.006966255440821897,
            -0.01276936957543792,
            -0.03692375705039698,
            0.01779600260339279,
            0.00785894033202075,
            0.007478653628321457,
            0.03471197851390495,
            -0.029752888329720548,
            0.02705225861042414,
            0.050018204835356114,
            0.038498073448266286,
            -0.016638600116749346,
            0.02254016204724745,
            0.02625633780017673,
            -0.035479633458664214,
            -0.00036543969646052766,
            -0.009568741750674148,
            0.011693999012251198,
            0.019212253411914692,
            -0.002234190760506755,
            0.024737325807856578,
            0.027614689425035123,
            0.015602455861037735,
            -0.009144035297409727,
            0.024496368496291113,
            -0.017765504065568795,
            0.03638353460805367,
            0.029967009482968265,
            -0.02740619435621284,
            0.01852580760600705,
            0.03188979518741494,
            -0.027401653749688275,
            -0.046367376221707654,
            -0.010149944506160604,
            0.04964733956742587,
            -0.0193517751090736,
            0.0062589219211493935,
            0.0009392376362618218,
            0.0011840056553896238,
            -0.015207734564855638,
            -0.0058231311104292634,
            0.05794569450341921,
            0.010537576363215034,
            -0.04037660407514351,
            -0.05025647197223016,
            0.006505327229752671,
            0.01831241423489308,
            0.03686043919083287,
            0.029734205386170047,
            -0.03908751817938154,
            0.018624123185752087,
            -0.010914184053795538,
            -0.008100032957373136,
            0.003819545185453294,
            -0.022193221401195305,
            -0.005565050255873868,
            0.030879641420837572,
            0.01603752328571898,
            -0.036619670335385164,
            0.017998016815809877,
            0.018901431317943404,
            -0.01971630644121654,
            0.027386257455725628,
            -0.01465634289953003,
            0.003709728864018534,
            0.014551547474255688,
            -0.0004428965542592404,
            0.0009370696205264716,
            0.005747834779240411,
            0.0034741213333593784,
            -0.009575520608064134,
            -0.008623989981531723,
            0.009553562978908478,
            -0.015235612184694698,
            -0.01817104985002573,
            -0.027127246581136556,
            -0.013010133088819483,
            -0.042218055593823196,
            -0.019685015891333882,
            -0.03438917509647855,
            0.011697918290758646,
            0.00949316307374825,
            -0.003826332278606967,
            -0.017451777057074416,
            0.012002998395595956,
            0.0022512545762032603,
            0.013205317833880091,
            0.04729297752389195,
            0.004760764551488287,
            0.023632861757948424,
            -0.02459088534871207,
            -0.020238599356575713,
            -0.006364189715698046,
            -0.028610512556111075,
            -0.014291386432712948,
            0.008655682670177862,
            -0.0115900888162185,
            -0.008484354125542066,
            -0.014405713636190854,
            -0.022960750918732446,
            -0.008962802564966328,
            -0.0042861554613102155,
            0.021498309980983277,
            0.028495453888590455,
            0.027790517768798033,
            -0.03419600029915253,
            -0.012351711160288555,
            0.020832657271236364,
            0.0033080440660468845,
            -0.017273091228102423,
            0.014443343732901476,
            0.03627404187104826,
            0.04857313829504113,
            -0.013462374583454543,
            -0.022558133156041497,
            0.01486153323830314,
            -0.04497151276749516,
            -0.023895959608768832,
            0.005858636252515533,
            0.017340255893585906,
            0.034673545104233205,
            -0.0011518076013812602,
            -0.02003818378949276,
            -0.03508900169841431,
            -0.002733413784335588,
            -0.016117823123520225,
            -0.014719153786960627,
            0.03609404664272633,
            -0.0016083907060165901,
            -0.01795199578238864,
            0.027698029120195696,
            -0.007924305203967214,
            0.0007222723993392192,
            -0.02963961994012285,
            -0.020999041252784647,
            -0.02143400589835875,
            -0.010796373351206041,
            0.026614266071473415,
            -0.07577016663389381,
            0.02437697424251116,
            -0.018934119633931823,
            -0.006273714376280098,
            -0.004898990983494335,
            0.023561991424681555,
            -0.0026431984625023015,
            -0.013338435234317493,
            -0.030191243683840067,
            0.029128971278814864,
            -0.0338744866843009,
            0.03341031973524076,
            0.0005469281663158199,
            0.008990093540807624,
            0.0390281823838576,
            -0.022571943733218566,
            -0.00045613778880936257,
            -0.010664727740012288,
            0.034387968902852555,
            0.02067127735740454,
            -0.007438819039609495,
            -0.024626879438136646,
            -0.020543448577151208,
            0.02419974034220774,
            -0.025443596015577857,
            -0.011327499834152203,
            0.0025125117704230832,
            0.03243303189899499,
            -0.027734637101897792,
            0.021806410589767657,
            -0.026655523207490164,
            0.022564024113156774,
            0.0006785713800996638,
            -0.0036293180485355916,
            0.005726087220286586,
            0.009072704118317914,
            -0.032216352193577734,
            -0.006500785658662259,
            -0.02300424801208184,
            -0.026212255231347757,
            0.028733155749731315,
            0.027026617961600094,
            -0.0034740798396090972,
            -0.0316876131127322,
            -0.004911635548375398,
            0.04333392148305432,
            0.009557344771134403,
            0.06316697110428961,
            -0.03147765799080989,
            0.021508899103063247,
            0.011776357668775219,
            -0.028063722156658207,
            0.016944262369852407,
            0.006315958718400096,
            0.012001561751224434,
            0.02362948963530228,
            -0.011816009885336938,
            -0.04197650746471201,
            0.01534907854602427,
            0.020061164498222785,
            -0.03226586179920219,
            -0.004334333761371121,
            -0.025421978238191433,
            0.009540407291559756,
            -0.014744979478967992,
            -0.012395234963968665,
            0.00423914254747785,
            0.014233368318612678,
            -0.0016915382537943638,
            -0.009470709022104106,
            0.010771628536934775,
            0.0002517112540155157,
            0.014463732983831492,
            0.014067542026315171,
            -0.010628420991432118,
            -0.04493263277606356,
            -0.005543151547088072,
            -0.02417432747309615,
            -0.016836381600835382,
            -0.024953981047359384,
            0.005694782350672729,
            0.03850071530789899,
            -0.02156439365739843,
            0.02801225899229781,
            -0.01835567649999665,
            -0.021767727100064124,
            -0.003998794528025132,
            -0.0001092340178657404,
            0.0044059331566221535,
            0.0014271980761408187,
            0.025369048431325543,
            0.004380820073783718,
            -0.17644260578225185,
            -0.012164829380020165,
            -0.03573183737434993,
            0.01249686529481493,
            -0.041257962231229975,
            0.0020065064390806884,
            0.038747401909613836,
            -0.006808881333520311,
            0.052093948698067515,
            -0.02052473358120385,
            0.004076117648694923,
            -0.0023694355506347292,
            -0.023222730070736948,
            -0.026241404652121412,
            0.006674164183521061,
            0.01961295559459179,
            0.005681887293000817,
            -0.020054768229131173,
            0.021509225599667114,
            0.0502129121652697,
            0.026355937998072686,
            -0.02269781620488174,
            -0.011827423688642605,
            -0.015977652653011588,
            0.024914655865350577,
            0.01600699149446885,
            0.01961657825639762,
            -0.0020050588137693016,
            0.0022251378715178946,
            0.0032000106122894796,
            -0.02060747188601865,
            -0.03279443782189917,
            -0.0012195978773054707,
            -0.027478222489225837,
            0.03487728695978328,
            0.021401166836000147,
            0.00315956424590704,
            -0.0040042839631471054,
            0.017500180465814707,
            0.017109243577225493,
            -0.013364784968043789,
            -0.003512094022425555,
            -0.04102356582824071,
            -0.02342668089743575,
            -0.020923198366249132,
            0.04486427067195468,
            0.045393639671276166,
            0.027625905367941156,
            -0.03165891925138346,
            -0.013019362915154771,
            0.02159852214202505,
            0.02730804245138654,
            -0.04087156253623087,
            0.06541077513266365,
            -0.031196613418288745,
            -0.008815430212322565,
            0.017092052516507396,
            0.0031981928820169012,
            0.01638905528792405,
            -0.01248871634621574,
            0.009289649368861317,
            0.005478635339998831,
            -0.01810884759162764,
            -0.006076812329597728,
            0.014479006062477186,
            0.007828339149576875,
            0.019378563103075442,
            0.002119181265956495,
            -0.03031750590366722,
            -0.023794040175781697,
            0.02566646034790493,
            0.004904286499802886,
            -0.021810602478190163,
            0.0007325796718815932,
            0.042103169894170955,
            -0.0024380084436917944,
            -0.027104262348139847,
            0.008293650969834603,
            0.025191840388119228,
            -0.021310440697804058,
            -0.021358968142583826,
            0.01930764345077344,
            -0.038680922289734944,
            0.025890614102500018,
            -0.003928364525552246,
            0.03904543027817157,
            -0.006575654397452303,
            0.013479566497406247,
            0.02097048497279412,
            0.02650298251859604,
            0.03842089143322138,
            0.004090887900922006,
            0.005347005003746062,
            0.010002756603084997,
            -0.0066726653262983915,
            -0.043650044759982146,
            0.015767602449796785,
            -0.012566230816700835,
            -0.02959233480358165,
            0.015164143132115128,
            -0.02727483105824504,
            0.011250797116344257,
            0.030364246594790756,
            -0.010500281629441112,
            0.012099178930199513,
            0.03364261934078515,
            -0.0085015923002896,
            -0.03914833624950368,
            0.026705153436219643,
            0.03312923947472384,
            -0.027369689580234682,
            0.02588889753760502,
            -0.026029963685024162,
            -0.020341678945057482,
            -0.02789983390233616,
            -0.00872422618187114,
            -0.027422454858948214,
            -0.01564043831144933,
            0.017287420426111137,
            -0.019153818412702923,
            0.011470504177189091,
            -0.02146797477028236,
            -0.007472164244023027,
            -0.007235463803787292,
            -0.013923112038323622,
            0.013057244719543261,
            0.007895189764722116,
            -0.006855453564084996,
            0.005495370739315837,
            0.020992553204002756,
            -0.02110154028123617,
            -0.009296392222970956,
            0.04300169432977649,
            -0.004408368470319713,
            0.004558667541724017,
            -0.03958185399319079,
            0.02039142209907734,
            0.024431003086395606,
            0.0014475286478424375,
            -0.019952141529041255,
            -0.006562817193608236,
            0.02327425858723039,
            0.0020170915546110506,
            0.0010181092137414509,
            -0.04929603035066278,
            0.0381398761307318,
            -0.02117057268460165,
            -0.008515997511408616,
            -0.030151643181472555,
            -0.015216639712386518,
            -0.0018975643427926788,
            -0.01754555907882826,
            -0.03399527046842293,
            0.020025838574970766,
            0.02883174269895157,
            -0.017901831903706023,
            -0.04271356384239436,
            0.0536019311818476,
            -0.014558960627621919,
            -0.02580482664737626,
            -0.004855910733448064,
            0.013153551107985752,
            0.014255967180945708,
            0.0025444367276142126,
            0.042364912511462405,
            -0.02418615313473174,
            0.02261400685322951,
            -0.021967718385706547,
            -0.010550262394072106,
            -0.018919461379618405,
            -0.004135534168826169,
            0.02720096232429757,
            0.00446217036924832,
            0.04133931452996938,
            0.0174208733616582,
            -0.01051479282864938,
            -0.014300298897751711,
            0.030869168748314673,
            -0.023265568828812457,
            -0.024560160501179408,
            -0.08150043858273731,
            -0.019039098901360203,
            -0.014280563066646244,
            0.022704792180769977,
            -0.019471327964680665,
            -0.005925633236530668,
            -0.0018617552965514113,
            -0.02234252383438143,
            0.0019391770599695062,
            0.022849720780000162,
            0.00825027524149161,
            0.009144536153064625,
            0.02929965131907545,
            -0.0020554829604753208,
            -0.004561807182516768,
            0.0011602302612288519,
            -0.01961284534033448,
            -0.0814018645620656,
            -0.009634083065605894,
            -0.05104112139715831,
            0.06049579315174084,
            0.02548851383843258,
            -0.013587710970594935,
            0.015462380156537019,
            0.01238638687269814,
            0.039679059313835946,
            0.06505601203461618,
            -0.017740030189313364,
            0.015775530778549117,
            -0.03356663329436187,
            0.0017582637199304934,
            -0.003667627987891179,
            0.010367934575493638,
            0.021825535626245486,
            0.00040814987399791485,
            -0.01662926901382181,
            0.00927785127079005,
            -0.035305854909648965,
            -0.017581402848499454,
            -0.025565180441627946,
            -0.0164435249448854,
            -0.03468621948639214,
            -0.026010123794961138,
            -0.013828169007841538,
            0.04227013219133321,
            0.027369750049429483,
            0.025049929851366993,
            0.00854990452295477,
            -0.0016498805186005716,
            -0.007613966715268101,
            -0.017887489777148755,
            0.008479063997668495,
            0.0386898727334958,
            -0.007544978810565114,
            0.005522163140990054,
            -0.007470061139946172,
            -0.0016357200779582902,
            -0.017116180767468077,
            0.0003243257389261233,
            -0.017092843438869014,
            -0.029777488166304576,
            0.009428239441495494,
            -0.039229845174628464,
            0.007758888692581721,
            -0.015618690618008248,
            -0.04615162536780589,
            -0.009969469308165427,
            0.04161120417641348,
            0.01246149887945003,
            -0.026261481614846528,
            0.016587085697322645,
            -0.07331083782486326,
            -0.015895485503945157,
            -0.007454058651520651,
            -0.012295009447761535,
            0.01721950661022933,
            0.014837613105257573,
            -0.010687659034630492,
            -0.02573884339431974,
            0.00256661030230885,
            0.012227380467852541,
            0.04290613473598381,
            -0.003267947298833172,
            0.0372474420939772,
            0.011263870112999997,
            -0.01491840044354836,
            0.043818825436580694,
            0.07026822430186949,
            -0.0003758535969585749,
            0.0264993090608518,
            0.006526509480462218,
            -0.040696472658733995,
            -0.0028778920363977684,
            0.023378815850145594,
            0.033346235845846284,
            0.016294840781477086,
            -0.0229853898562467,
            0.039280501895866765,
            -0.014459146969744712,
            -0.011957798519133731,
            -0.0013569337936404592,
            -0.01549745661652744,
            0.008240535693168597,
            -0.002499349312754009,
            -0.008295815452005988,
            -0.0023520844042279774,
            0.0075364078017866355,
            0.00040126131877664894,
            0.008565127255433883,
            0.02787253908694361,
            -0.00856939563924962,
            -0.05377706635557446,
            0.016246915153659898,
            -0.01488324318948556,
            0.006408942954734297,
            0.015856682861140392,
            -0.004825100334035973,
            0.00982368391964657,
            0.005057957369212697,
            0.006182549558091134,
            -0.020866599859446056,
            -0.024516372218915162,
            0.0030116539213583928,
            0.00571506032711347,
            0.006902993190669364,
            -0.009001015354791218,
            -0.04438967742249969,
            0.01998392673927905,
            -0.06277894512157091,
            0.029278682046064236,
            0.021099007048214696,
            0.048091963084029944,
            -0.014857731839945985,
            -0.005837342782982829,
            -0.01006107600597331,
            -0.00684581588596939,
            -0.00761401078731378,
            -0.04174710273883969,
            -0.03221625967198608,
            -0.026572621116424385,
            -0.014164487514851007,
            -0.01250836457117889,
            -0.010539857350609604,
            -0.004915194105387512,
            -0.030679630552218937,
            -0.03076975808243456,
            0.002383421929033562,
            -0.0015170120522176507,
            0.021813990627034742,
            -0.006772241113946011,
            -0.007533557207468635,
            0.008587074682740177,
            -0.04568891205388154,
            -0.009116957410598998,
            0.007913400696032465,
            0.028064924937349748,
            -0.014506088730249993,
            0.03725553591544774,
            -0.014304711406021076,
            0.004136125079109561,
            0.05055883731822989,
            -0.025688403768661616,
            -0.005368052691984918,
            0.017593251696199082,
            -0.02548384556026962,
            0.014577975038891747,
            0.0011513666538170932,
            -0.0029469198952645935,
            -0.021019336164323547,
            0.015288074468152961,
            0.001998491941737524,
            -0.005797873420854276,
            -0.005171388469163299,
            0.034400289152921634,
            -0.02733817392167264,
            0.014912680242396286,
            0.028479185799372666,
            0.00018571591175692466,
            -0.04515434496599521,
            -0.021756910277092836,
            0.005982644566229516,
            -0.021803023832105733,
            0.024192783490167808,
            -0.001379099999809732,
            -0.004386074393149567,
            -0.030577645307970868,
            -0.003914924614440436,
            0.03354300311669077,
            -0.005807200628564439,
            -0.007239335950284881,
            -0.016900028739368675,
            0.004959807857206455,
            -0.03447168914584757,
            -0.006363089714113641,
            -0.014418903193735896,
            0.010569976430296195,
            0.011360800539903251,
            -0.007057998092341911,
            0.0350148492043921,
            0.006699355579552184,
            -0.014066260079197328,
            0.010093123561711211,
            -0.02487883079291088,
            0.013892395686173103,
            -0.020814260758793654,
            0.0013163831410461387,
            -0.015419536371679934,
            -0.01462303735715079,
            0.0026687363322192145,
            -0.021158718494835874,
            -0.0016345563981969736,
            0.006393866164508271,
            0.01599280556768015,
            -0.006887437654954387,
            0.022333181935989373,
            -0.00684129659204328,
            -0.006537978522228776,
            -0.012335880471213227,
            0.047936276345734906,
            0.005903743607386101,
            0.05129932628775318,
            -0.0046651865572716915,
            0.04860052563202533,
            -0.020434684364180913,
            -0.0412909191343283,
            0.028445051972679904,
            0.0037661902207582402,
            0.011911599871369298,
            0.04230885919197837,
            0.000175013335734814,
            0.03754217003116492,
            0.027874732356863625,
            0.018747811569112646,
            -0.026035871980699378,
            0.050278546162275124,
            0.00466149018243794,
            0.021292238206209728,
            0.014664722804312698,
            -0.023568000839306737,
            -0.012460953042849722,
            -0.0026596016985086547,
            0.024530867920517972,
            -0.030219076434065947,
            -0.03726518464864632,
            0.031072657189719657,
            0.024655444347996575,
            0.0017854739526874924,
            0.0021765344506993775,
            0.005392428115422098,
            -1.3613386830632894e-05,
            0.0046234110462427935,
            -0.03965441866985447,
            -0.0037515509975554542,
            0.0025421070889427772,
            0.007044363659504238,
            0.048301090315744435,
            -0.009319443176128338,
            -0.006266647214316735,
            0.004841193155303002,
            0.025882967400738376,
            0.013071714406406684,
            -0.008072062815942423,
            -0.008186557543246393,
            -0.029942904306739383,
            -0.028108083301138048,
            0.01742070028245759,
            -0.022919111305749557,
            -0.0017300599930328176,
            0.025717111727077083,
            0.009421940924729446,
            -0.02124289889742058,
            -0.04076978540989791,
            0.02968562943617819,
            0.004280010807158797,
            -0.010355735618509304,
            -0.019870517591852113,
            0.0074222863141652886,
            -0.0033540020612164226,
            0.0077051399731730835,
            0.027922123796778636,
            0.027624589235342428,
            0.03773913922462477,
            0.0021724932043171784,
            0.03891417552799386,
            -0.020182668904612965,
            0.046899161236980555,
            0.005198062696218662,
            0.011145474472879965,
            -0.013161161806467042,
            0.00436835418049058,
            0.015294348092387753,
            0.011718121819169567,
            0.011779055856565855,
            -0.016621756067666082,
            -0.002255479704135373,
            0.004822289165288835,
            -0.004166859071188063,
            -0.013334357235751215,
            -0.013606611088546756,
            0.04167809469005644,
            -0.033795450838287375,
            -0.005405453784739994,
            0.04623214056220899,
            -0.018545905936996735,
            -0.016734111631946734,
            -0.004854877744153876,
            0.028058453767999893,
            -0.03229047371110115,
            -0.000687056841676744,
            -0.0012023599298122618,
            -0.012702488781361399,
            -0.0007837674092290811,
            -0.021895230584742856,
            0.020603749654087792,
            -0.020301955575168677,
            -0.01119059731599992,
            -0.010272010831015638,
            0.028462206492168608,
            -0.01930574323387779,
            -0.007986057277517618,
            -0.04113104724085955,
            0.008144990048156438,
            -0.02185399465934839,
            -0.019212070691968786,
            -0.018416920636847692,
            0.019608577809752354,
            -0.009608703046458656,
            0.015513057819423083,
            0.011561896775090513,
            -0.03242316243461731,
            0.027791232937667797,
            -0.014550976318507316,
            0.038556387856884124,
            0.035931630294154776,
            0.010768176450294835,
            -0.020427685740177677,
            -0.0001069261717366668,
            0.03816709049984763,
            0.012720442718593855,
            -0.02473499426098703,
            -0.019866545627685132,
            -0.0015158977169855113,
            -0.002748887964874116,
            0.0042762014884400994,
            0.002109539905873134,
            -0.019312477221654595,
            0.02019509157909403,
            0.04989672927238069,
            -0.04296735494486944,
            0.004401569394706345,
            -0.019959880135624365,
            -0.02038868918785677,
            -0.005697065953434251,
            0.005836390856735543,
            -0.024913878298154314,
            0.02127185333278001,
            0.013342553298379847,
            0.01825937096478777,
            -0.07016611619010012,
            -0.005557153311760126,
            0.02336950685738401,
            0.01809480552031805,
            -0.01386213467078303,
            0.014859804709425443,
            0.00940014515269307,
            0.013905609653966474,
            0.057866231041851846,
            0.006890744875239323,
            -0.013851021618316363,
            0.01736745113885343,
            0.005770922296782209,
            0.011464228846487073,
            -0.015014573818286317,
            -0.02509559938432087,
            -0.0016432556907059956,
            0.004248508967450475,
            0.01673431227471167,
            -0.0024034077938313737,
            0.008346843224176762,
            0.018265700254100257,
            0.010498403745375879,
            -0.010001467180816983,
            -0.003315052066498926,
            -0.0014660150293795066,
            0.012938341601851769,
            -0.012802122738121431,
            0.02573108055828561,
            0.021612740974444218,
            0.0362528225968264,
            0.017269255217647574,
            -0.0028662833590101123,
            0.011022469632609121,
            0.034306190314719785,
            0.005370073800901333,
            0.0036988138574268444,
            0.02101417728802117,
            0.050596068800443705,
            0.04283256215271058,
            0.0552843593049174,
            -0.01214312490539115,
            -0.007337397308961266,
            -0.04218585047964517,
            -0.03046198204112236,
            0.027468357513680697,
            0.0317919651327177,
            -0.012141278480107615,
            0.0024951187870896354,
            -0.003253951330677126,
            0.037194703525594376,
            -0.04813405152318895,
            0.0045758712063500235,
            -0.022798654333515966,
            -0.002397855482807411,
            -0.0023390812717516223,
            0.00024821735363329703,
            -0.005460354574622385,
            -0.02188457426021929,
            -0.016840722955777664,
            0.005344132215762936,
            -0.044445855315972255,
            0.010352720709347351,
            -0.04951284314860571,
            -0.010435053833414906,
            0.0009888780575433814,
            0.01202615795220954,
            0.0044548275901186716,
            0.00844683257662153,
            0.047739458751878856,
            0.006605565247891548,
            0.020843969686617544,
            -0.002632197611901633,
            0.011996155062461562,
            0.05198667113719571,
            0.006834865543855618,
            0.02337826467147914,
            -0.02467931907347992,
            0.001231647794386839,
            0.00819841210396285,
            -0.0023803994333892013,
            -0.0051871874212439115,
            -0.022081619364813274,
            0.001649554207472044,
            -0.009730424548429005,
            0.016238701247033374,
            0.026251596124270426,
            -0.019335984531804393,
            -0.02389586003864381,
            0.016644081965388913,
            0.001535666175508434,
            0.04230827564563047,
            0.01797080415316127,
            0.0036301462285486283,
            -0.022965279449942068,
            0.03267391271516723,
            0.0018901515603771376,
            0.0011617052182603857,
            -0.011050329093165718,
            -0.017554801295763058,
            0.045356688313538146,
            -0.03451011016491981,
            0.035329171834549304,
            -0.017563603664186796,
            0.015534156155255347,
            0.038428556405597725,
            -0.0018349885247493658,
            0.009845055118112869,
            0.022859910545681948,
            0.0355552530543198,
            -0.019780899199365123,
            0.039595436711834256,
            0.0040932024617053135,
            -0.011209034320555507,
            0.001161432847147768,
            0.024203937572696392,
            0.02271677671320721,
            0.03650874789120935,
            -0.010163768359681887,
            0.018857223820430775,
            0.001694124759073483,
            -0.007251197765943631,
            0.011610671976664657,
            -0.03601590225376529,
            0.017996630698402245,
            0.0036519212328203717,
            0.006099395759347487,
            0.01714943831007317,
            -0.013098246512283222,
            0.014544848525193377,
            0.005193125200259083,
            -0.007118897035357582,
            0.021958092727239763,
            -0.031723532413230775,
            -0.002089299045623592,
            -0.023116809987810374,
            0.003875821999887173,
            -0.02443883119574164,
            0.0061271947043404495,
            0.03465517263108814,
            0.004887272469168893,
            0.002049499727529097,
            0.034257477400139895,
            0.05238427833538484,
            -0.009991938848058955,
            0.012639214993842966,
            0.021365018049321886,
            0.01393739849980319,
            -0.007445958263799673,
            -0.0021753480671569533,
            0.03398178027137112,
            -0.04930307221663311,
            0.011963285709839438,
            -0.042705576862246686,
            0.059070040326685926,
            -0.00929125636573426,
            0.003078602919515912,
            0.003914213832309462,
            -0.023325737541325782,
            -0.007318941959647877,
            0.020614996258208035,
            0.012783714799645064,
            0.0011542752596052242,
            -0.013667505227445326,
            -7.302060703928389e-05,
            0.007829080231209862,
            -0.03841567282962559,
            0.02719794960388577,
            -0.035534806005228056,
            -0.010567634973706828,
            0.0033672663520213507,
            0.057017718301066035,
            -0.026089999541475235,
            -0.017985644779624933,
            0.01014134534020264,
            -0.01079728056548244,
            -0.02350994393956081,
            0.016168102821190765,
            -0.00447061928959601,
            0.03995047737465669,
            0.010703276532699087,
            0.013757598034231017,
            0.015314164369769939,
            0.032674628106701464,
            -0.007572769677495462,
            -0.005941888768150591,
            -0.0033367134336481103,
            -0.0023973047284628363,
            -0.01753243095504386,
            -0.02264625734245866,
            0.013250287681038982,
            0.016772784470029077,
            -0.02115712960157928,
            0.01909314570057477,
            0.029303244488185255,
            -0.026868011024484908,
            0.019885777932102628,
            0.017679222803323503,
            -0.029432784917884244,
            -0.01539123856512717,
            -0.0023438910016139415,
            -0.0018726795219496254,
            0.028871385937848226,
            0.02584663527734403,
            0.008440989136997475,
            0.0005709807519324651,
            0.04188180812880858,
            0.012330064966104188,
            0.007785254823457134,
            0.01878238578226551,
            -0.005461253040797668,
            -0.03723212988189018,
            -0.04723918350825333
        ]
    },
    {
        "doc_id": "f5f4ecb4f81b11ef9b4f0242ac120006",
        "kb_id": "ed952a8ef81b11ef870d0242ac120006",
        "docnm_kwd": "\u9648\u6b63\u82f1-\u6570\u636e\u7814\u53d1.pdf",
        "title_tks": "\u9648 \u6b63 \u82f1 \u6570\u636e \u7814\u53d1",
        "title_sm_tks": "\u9648 \u6b63 \u82f1 \u6570\u636e \u7814\u53d1",
        "page_num_int": [
            1,
            1
        ],
        "position_int": [
            [
                1,
                36,
                552,
                682,
                693
            ],
            [
                1,
                34,
                550,
                698,
                757
            ]
        ],
        "top_int": [
            682,
            698
        ],
        "content_with_weight": "\u72ec\u7acb\u54a8\u8be2-\u533a\u57df\u7ecf\u6d4e\u76d1\u6d4b\u7cfb\u7edf\u5bf9\u63a5\u5ba2\u6237\u9700\u6c42\uff0c\u5206\u6790\u5e76\u5f52\u7eb3\u9700\u6c42\uff0c\u8c03\u7814\u5e02\u573a\u540c\u7c7b\u4ea7\u54c1\u529f\u80fd\u53ca\u5176\u5e94\u7528\u573a\u666f\uff0c\u64b0\u5199\u7ade\u5bf9\u5206\u6790\u6587\u6863\u3002\u53c2\u4e0e\u8bbe\u8ba1\u533a\u57df\u7ecf\u6d4e\u76d1\u6d4b\u7cfb\u7edf\u4e2d\u6570\u636e\u5efa\u8bbe\u53ca\u76d1\u6d4b\u4e1a\u52a1\u903b\u8f91\uff0c\u4e0e\u7814\u53d1\u63a2\u8ba8\u6280\u672f\u5b9e\u73b0\u65b9\u6848\uff0c\u64b0\u5199\u9879\u76ee\u6587\u6863\uff0c\u7ed8\u5236\u4ea7\u54c1\u539f\u578b\u56fe\uff0c\u8bbe\u8ba1\u6570\u636e\u5b57\u6bb5\uff0c\u6570\u636e\u5904\u7406\u94fe\u8def\u3002\u914d\u5408\u9500\u552e\u56e2\u961f\u73b0\u573a\u8bb2\u6807\uff0c\u9610\u8ff0\u4ea7\u54c1\u548c\u89e3\u51b3\u65b9\u6848\u4ef7\u503c\u3002",
        "content_ltks": "\u72ec\u7acb \u54a8\u8be2 \u533a\u57df \u7ecf\u6d4e \u76d1\u6d4b \u7cfb\u7edf \u5bf9 \u63a5 \u5ba2\u6237 \u9700\u6c42 \u5206\u6790 \u5e76 \u5f52\u7eb3 \u9700\u6c42 \u8c03\u7814 \u5e02\u573a \u540c\u7c7b\u4ea7\u54c1 \u529f\u80fd \u53ca\u5176 \u5e94\u7528 \u573a\u666f \u64b0\u5199 \u7ade \u5bf9 \u5206\u6790 \u6587\u6863 \u53c2\u4e0e \u8bbe\u8ba1 \u533a\u57df \u7ecf\u6d4e \u76d1\u6d4b \u7cfb\u7edf \u4e2d \u6570\u636e \u5efa\u8bbe \u53ca \u76d1\u6d4b \u4e1a\u52a1 \u903b\u8f91 \u4e0e \u7814\u53d1 \u63a2\u8ba8 \u6280\u672f \u5b9e\u73b0 \u65b9\u6848 \u64b0\u5199 \u9879\u76ee \u6587\u6863 \u7ed8\u5236 \u4ea7\u54c1 \u539f\u578b \u56fe \u8bbe\u8ba1 \u6570\u636e \u5b57\u6bb5 \u6570\u636e\u5904\u7406 \u94fe\u8def \u914d\u5408 \u9500\u552e \u56e2\u961f \u73b0\u573a \u8bb2 \u6807 \u9610\u8ff0 \u4ea7\u54c1 \u548c \u89e3\u51b3 \u65b9\u6848 \u4ef7\u503c",
        "content_sm_ltks": "\u72ec\u7acb \u54a8\u8be2 \u533a\u57df \u7ecf\u6d4e \u76d1\u6d4b \u7cfb\u7edf \u5bf9 \u63a5 \u5ba2\u6237 \u9700\u6c42 \u5206\u6790 \u5e76 \u5f52\u7eb3 \u9700\u6c42 \u8c03\u7814 \u5e02\u573a \u540c \u7c7b\u4ea7\u54c1 \u529f\u80fd \u53ca\u5176 \u5e94\u7528 \u573a\u666f \u64b0\u5199 \u7ade \u5bf9 \u5206\u6790 \u6587\u6863 \u53c2\u4e0e \u8bbe\u8ba1 \u533a\u57df \u7ecf\u6d4e \u76d1\u6d4b \u7cfb\u7edf \u4e2d \u6570\u636e \u5efa\u8bbe \u53ca \u76d1\u6d4b \u4e1a\u52a1 \u903b\u8f91 \u4e0e \u7814\u53d1 \u63a2\u8ba8 \u6280\u672f \u5b9e\u73b0 \u65b9\u6848 \u64b0\u5199 \u9879\u76ee \u6587\u6863 \u7ed8\u5236 \u4ea7\u54c1 \u539f\u578b \u56fe \u8bbe\u8ba1 \u6570\u636e \u5b57\u6bb5 \u6570\u636e \u5904\u7406 \u94fe\u8def \u914d\u5408 \u9500\u552e \u56e2\u961f \u73b0\u573a \u8bb2 \u6807 \u9610\u8ff0 \u4ea7\u54c1 \u548c \u89e3\u51b3 \u65b9\u6848 \u4ef7\u503c",
        "id": "58674866aaef099f",
        "create_time": "2025-03-03 19:10:49",
        "create_timestamp_flt": 1741000249.567211,
        "img_id": "ed952a8ef81b11ef870d0242ac120006-58674866aaef099f",
        "q_1536_vec": [
            -0.053398515255618895,
            0.030756833339485326,
            -0.0324524184875108,
            0.019485256497849397,
            0.04953797528964617,
            -0.011602495745091042,
            -0.02057695195908061,
            0.028114888076884087,
            -0.0276551148938753,
            0.03447964976659158,
            -0.017673181737373526,
            -0.019667406057590868,
            0.027896730861191245,
            0.009933655529491915,
            0.020402630484963068,
            -0.011535638346343214,
            0.02544319805229284,
            0.011870045752591426,
            0.013542028635163482,
            -0.03525829336120642,
            -0.020693494010291996,
            0.002271729935016985,
            -0.016878277026005313,
            -0.004194442663602235,
            -0.024935883962360274,
            -0.0012645097685598382,
            -0.006104901173748506,
            -0.01099884514323831,
            0.020515866183520033,
            -0.02615458561525576,
            0.00782177140326298,
            -0.00716615353901091,
            -0.009291338975519712,
            -0.00994111190441083,
            0.0024567697777591246,
            0.01177223786244493,
            -0.007386803625113742,
            0.04039737586814661,
            -0.02958131920823017,
            -0.026172952016002435,
            -0.008471069359540569,
            0.03224513042337263,
            0.010864328412901823,
            0.007427719749268378,
            -0.011306722715557839,
            0.013650138511456442,
            -0.012937229902555745,
            -0.02210469620790795,
            -0.005515604949763759,
            0.031174588865003624,
            -0.021415659647226196,
            0.020801836066529092,
            0.0170956493903038,
            0.024373356126674982,
            0.04506688359829837,
            -0.045417596801366575,
            0.009040358344169013,
            0.00791638427694204,
            -0.004405240014679753,
            0.008026660946026248,
            -0.018306621614063146,
            0.0649674534524545,
            0.0045511830439506,
            0.010200591291361121,
            -0.039615315351634935,
            -0.02129736816712725,
            -0.011692156084052337,
            0.008737803223125857,
            0.01663658860649778,
            0.013748226187312697,
            0.010703156112786258,
            -0.023343407781942792,
            0.00820351185234606,
            0.00977661600171762,
            0.024313696185520935,
            0.00909205067586075,
            -0.019818745549359303,
            0.05820174399927239,
            -0.02534308771479885,
            -0.025498605691205104,
            0.03674820687983868,
            -0.027296872008742576,
            -0.02292635810015362,
            -0.03180038866012008,
            0.028732233624219734,
            0.030689645793296878,
            -0.011457898682579388,
            -0.0281743693178841,
            0.001124707437598278,
            0.00424620093915922,
            0.01742424997949891,
            0.0007514756738240403,
            0.004178140661262545,
            0.01521924460636464,
            0.008981618134478864,
            0.012938576555792195,
            0.04517405821945355,
            0.003142774296656832,
            -0.011490389539327042,
            0.008772475076196874,
            0.04543283969864502,
            -0.03465186992344397,
            -0.0021774940587988545,
            -0.02529473092924535,
            0.019334896776579666,
            -0.0019845302794576,
            0.02322022128154136,
            0.007889965967789488,
            -0.010146648294154554,
            -0.004270420994523038,
            -0.034049948734534145,
            -0.004753987919647092,
            -0.0037677795137234698,
            -0.01042253335648874,
            0.0013685282402642802,
            0.020049584129181217,
            -0.01533336829878941,
            -0.01784863131624522,
            0.015080939408131981,
            -0.02421214587672832,
            0.0034601811830254985,
            0.01674187822090538,
            -0.009282713621573565,
            0.01374877643975119,
            -0.0003029729061387156,
            -0.012357985897896596,
            -0.02864917805962507,
            -0.019445596816872086,
            0.058938937950473835,
            -0.007608199918760428,
            0.04004194461993763,
            -0.00886305739338597,
            0.013320299417998544,
            0.02295621531857,
            -0.0009467252874054879,
            0.01970966624749347,
            -0.004061547722777647,
            0.03449197268938346,
            -0.04131084667788871,
            0.011501865174047447,
            -0.009669491224292786,
            0.039849645542252995,
            -0.008534175808975239,
            -0.005070279554465655,
            -0.04032296187393435,
            0.017842260446815042,
            0.014858168340857127,
            0.04036277265518854,
            0.04421286987966376,
            0.013307974076194933,
            -0.026051972057397843,
            -0.03294423231935535,
            -0.003952107652343425,
            0.0013936030741209244,
            -0.04622231346652456,
            -0.05546496393870731,
            -0.0010625589124273588,
            0.00015452406253448214,
            -0.0006534134416045434,
            0.0007783342300634353,
            0.004997913058260914,
            0.0020911971657153736,
            -0.006789036939425974,
            -0.0022940282633064084,
            0.018629261861888447,
            0.029488759257736672,
            0.023218105827384105,
            0.030021900435815634,
            -0.009417769034832546,
            0.04099520378854777,
            0.003291735010167501,
            0.0030672608310545564,
            0.0008036263279309168,
            -0.017271587121890378,
            -0.023552067848659597,
            0.022620494896435625,
            -0.030335886004825303,
            -0.026160453838013062,
            0.021203367898325422,
            -0.013787143105702702,
            4.7198719113946265e-05,
            -0.0065863989567366875,
            0.028166415991783836,
            0.003990288649964728,
            0.01322295691871323,
            0.0019971214385556355,
            0.014369317603279105,
            -0.04829822531045796,
            -0.020995513372854643,
            -0.036924734538687165,
            -4.251138185337592e-05,
            -0.006591026434752426,
            0.013363233365767455,
            -0.009420309005577896,
            0.016725542407710542,
            0.00787761700163602,
            0.0010474618469376704,
            -0.015777124779612784,
            0.0015572111185766647,
            0.02273551865767446,
            -0.02382595664475544,
            0.008934813093944175,
            -0.037157232163832654,
            -0.017076468813293284,
            0.019489992993620083,
            0.0034261738530781457,
            0.003749669676983027,
            -0.025191922110301485,
            -0.02243772297655972,
            0.007186481711177581,
            -0.009114907569231586,
            0.03176315284985985,
            0.012215518959519084,
            -0.0011856822206841081,
            -0.04040599673862114,
            -0.05887497050732368,
            -0.013418782791003671,
            0.04799389729459792,
            0.008858821131561546,
            -0.03860293304138036,
            -0.001947033326477757,
            0.044073188871801915,
            0.0251585377351853,
            -0.0035035097127319925,
            0.030632468372598885,
            -0.01251718056470776,
            -0.007878477395626665,
            -0.024621912193289186,
            -0.006535017571889781,
            -0.02970291807698455,
            0.018254674883094926,
            0.013288975654351196,
            0.007388167359796668,
            0.004727589879154328,
            0.012022142138811157,
            -0.0034434865250637147,
            0.014279120464808193,
            -0.0029704163088954028,
            -0.0072184435233389205,
            0.001451127690859593,
            0.004722674674430431,
            0.0106016832601714,
            0.024832321698949764,
            0.02530785767834714,
            -0.01416564845235924,
            0.008842966744617157,
            0.03247412367881252,
            0.01321061329601348,
            -0.06664791851460992,
            0.013900388817260093,
            -0.00015072657697258744,
            -0.041191110041457965,
            0.020600117127569418,
            -0.003422594052049515,
            -0.004838041183598797,
            0.02190082075192879,
            -0.013374288816492967,
            0.05639073594287456,
            0.002388185937657667,
            0.011372730764288365,
            0.012759544814083632,
            0.00393057340627244,
            -0.005053455930537545,
            -0.030125809759636486,
            -0.003124330781713998,
            0.02047116520993062,
            -0.013138465169758095,
            0.004167507992076609,
            0.020636005671669597,
            0.020003362803673434,
            -0.029438102086781503,
            -0.023376718319342613,
            -0.016931645090310116,
            0.0033112921780256805,
            0.014805486446318393,
            -0.025037502576826385,
            -0.02173578770271626,
            -0.010155723687535832,
            0.017638555071056404,
            -0.01754955365904992,
            -0.02104865306426586,
            0.013730356564242515,
            -0.006713824127918079,
            -0.023816476408749118,
            -0.011029238819182703,
            -0.028547021961686132,
            -0.014696952573951892,
            -0.01157957413747322,
            0.00692788048362762,
            0.01034417961305644,
            0.001287603875409913,
            0.006700175157503041,
            -0.0038064422500278814,
            2.14577862890984e-05,
            0.03232337825831005,
            -0.03656870474076872,
            0.0004740991010174964,
            0.0028672075460146884,
            -0.018664776185119872,
            0.03714647477971304,
            0.03515921022521488,
            -0.033772257145060894,
            0.03412861882546848,
            -5.893055228533726e-05,
            -0.003280608666280013,
            0.011702654719323571,
            -0.010799013790972561,
            0.022963748455647272,
            -0.08739724034780907,
            -0.007371933400359141,
            0.0049837701503729955,
            0.01065731927197725,
            0.009326971797678737,
            0.004576453326698921,
            0.0007934782401457536,
            0.02882622044009268,
            0.0063477914414319745,
            -0.01719135251320049,
            -0.0061317019056540065,
            -0.004315715345359005,
            0.031611811296145584,
            0.0028925358973226865,
            0.01517380432520067,
            -0.026586961672889972,
            -0.042575532301370865,
            -0.00439525005852642,
            0.02496819404443782,
            0.013222933462840121,
            0.007740248439037803,
            0.01451994848529698,
            -0.038791914028417834,
            -0.040308851919433515,
            -0.01136211655453152,
            0.043711791772806714,
            -0.01275622466149063,
            0.005829208190315054,
            -0.03098826910360434,
            0.0173163736510765,
            -0.0522429116899678,
            0.008097133113988329,
            0.007845723316615219,
            -0.008540264136730423,
            0.00868813202359118,
            -0.0004720042482288656,
            -0.009649776782270839,
            0.024127379517040394,
            -0.04742090738543368,
            -0.02283624755328044,
            0.017810772124933844,
            0.007402539418835959,
            -0.00381252712779842,
            -0.03344020289741479,
            -0.019344936920959007,
            0.0005056104575799215,
            0.03266768402261365,
            0.014714566561204833,
            0.01436968742554314,
            0.04184631927111875,
            0.011255900302405612,
            -0.019899850565040268,
            0.012805712664829414,
            0.022770162573914808,
            0.016618123531664964,
            0.005761984324993261,
            0.009238373845286578,
            -0.04737003425348469,
            -0.000591592239702122,
            -0.0009096543874169147,
            0.06190973495712986,
            0.05271113739325103,
            0.004883991873901091,
            0.007846734984387593,
            0.006534534162903786,
            0.0067038077864215485,
            -0.0065779836947879875,
            0.022778478143374706,
            -0.010834169504390048,
            0.03695234590257728,
            0.008747804292406614,
            0.0046906768901454465,
            -0.044192824764658536,
            0.003266597760688424,
            0.004517313197902594,
            0.01319109842755829,
            -0.02058315456066353,
            0.031067787860592774,
            0.002697679861740798,
            -0.008177432578367064,
            -0.009315087865320548,
            -0.0025460104977593503,
            0.006900898553346075,
            0.02107019644324277,
            -0.0017342505746022882,
            0.0007068675870487206,
            -0.002530800531355507,
            -0.0378965912570152,
            -0.01141673831107651,
            -0.015073296228611973,
            0.028873416703103814,
            0.02217683535213582,
            0.013221464672102275,
            -0.06278569777243283,
            -0.010688154188890308,
            0.014319410434348092,
            0.026762530276231915,
            -0.006354413202950507,
            -0.016113631084114434,
            -0.03580220484953419,
            -0.037303254022235784,
            -0.006205162353776147,
            7.457518418578588e-05,
            -0.02678106227624156,
            0.014449580842819068,
            0.016548506238220913,
            0.002082337138631184,
            -0.021660983882865557,
            -0.023076877204680234,
            -0.013261512639800811,
            -0.0018785565943208508,
            -0.012892479766685144,
            0.01965813972063254,
            -0.00209544173409345,
            0.002065472977383493,
            -0.03737180566017306,
            -0.030343953175390757,
            -0.004331374639694195,
            -0.010644820404996569,
            -0.009889537414718375,
            0.00917044387849243,
            -0.006857754682056469,
            -0.009747583294434717,
            0.0007848473642129344,
            -0.00666752673427135,
            -0.033713694952818604,
            -0.0009650116645983173,
            -0.020544769863388445,
            0.018505288448146827,
            -0.006751374387183167,
            0.0023405561119049486,
            0.03924594974359017,
            0.030983130175421165,
            -0.03871818483855928,
            0.0251207685904844,
            -0.033854148043109135,
            -0.024582365672813855,
            0.01166665069566087,
            0.00405504144145015,
            0.02215447779689507,
            0.0017030714846297938,
            0.04117340325665742,
            0.020774896051549745,
            0.021431998221414363,
            -0.06015096479833686,
            0.025747374962847895,
            -0.02809206996880562,
            -0.024544759351298285,
            -0.00011745110073895217,
            -0.021957229540182737,
            0.0503150566157834,
            0.001459476606296707,
            -0.014690574110533016,
            -0.022870910444436336,
            0.03812646076833015,
            0.009962296505097046,
            0.034835872069630756,
            -0.07646830092125642,
            0.0019853687454889665,
            -0.0010944146292103877,
            -0.031915235446197204,
            0.018916704154096756,
            -0.018040878644160183,
            0.011599956299888348,
            0.048939397015183045,
            0.0059815229565403395,
            -0.011813167786538143,
            0.03400765955671556,
            -0.00582928313318651,
            -0.00653106894247894,
            0.025091595811813666,
            -0.0006372791004736433,
            0.02198819141250826,
            -0.013894899378681937,
            -0.006328384384996944,
            -0.03358262482505731,
            0.03477485287475134,
            -0.030444974268606255,
            -0.005859352961934742,
            -0.010523004712752203,
            -0.005430497145946745,
            0.006308016538006856,
            0.005687208704744556,
            -0.0441652423886844,
            0.026163986501615243,
            0.0034631402225544523,
            -0.0046338417861289,
            0.009783178166762645,
            -0.008097771341035271,
            -0.026052010007228937,
            0.019389301878111425,
            -0.029798968602273178,
            -0.008597550568898243,
            0.012372730124029476,
            0.01003468766668076,
            -0.0359131946885368,
            -0.03769197201250392,
            0.0136060930148372,
            0.03685858677563471,
            -0.0003480359395267082,
            -0.00684671580734717,
            -0.004244434907220548,
            0.022997551289766025,
            0.02204527857442855,
            -0.015870354701034442,
            -0.03974762605566104,
            -0.03401433091176337,
            -0.00892821883800823,
            -0.035314617108093076,
            0.042839409920890956,
            0.005958746064716561,
            0.041690817870728716,
            -0.015850456210376635,
            0.0018810230372684528,
            0.0030465462706638375,
            0.008639986182475091,
            -0.005446247255093998,
            0.03406645186444212,
            0.010379777419882556,
            -0.018201346136547635,
            -0.03639112142684363,
            -0.020816802628082425,
            -0.07126745836665993,
            0.00646929000288842,
            -0.024476434723356276,
            -0.035323723377831316,
            0.020191365760288814,
            -0.03845955860867684,
            0.0295781391169688,
            0.0008190722487607685,
            -0.006169759124072773,
            -0.013530532111946056,
            -0.005216009909278669,
            0.03964150053410882,
            -0.0014506904996004042,
            -0.014584326466563699,
            -0.0531966110685737,
            -0.0013136592622677214,
            -0.034553683923025325,
            0.009163772523444625,
            0.018343407890318502,
            -0.003264489250355182,
            0.009683693465882881,
            -0.010186926533243853,
            0.07065364133892241,
            0.007802772118923082,
            0.0024902832173808835,
            0.03205146037408227,
            -0.007661510384411577,
            -0.013273998742843924,
            0.022533556507367557,
            0.06382715763977069,
            0.025601917493775345,
            -0.001771842270774207,
            -0.009092461692372683,
            0.02770236393511497,
            0.011831591112031465,
            0.041259142474304504,
            0.014861881429605662,
            0.010035393336905033,
            0.0010422027276809917,
            -0.02583308760907669,
            -0.008268063016808241,
            -0.03046970430186031,
            0.04347626309473089,
            -0.008236866902592762,
            0.019063318358773524,
            0.010428448154038757,
            -0.00011243515375494858,
            -0.010407211972059616,
            6.929911062362581e-05,
            -0.03196671437734871,
            -0.013488098570371235,
            0.002206545225510847,
            0.009027575542446424,
            -0.013867386339354202,
            -0.01396344411664992,
            0.03663095898489816,
            0.015290795211369416,
            -0.05425690996444222,
            -0.01600483640598182,
            -0.0010775050739352406,
            -0.02760715379792853,
            0.02669231166202886,
            -0.00850037642484113,
            0.00021941510128859485,
            0.039484420469014944,
            -0.021314557132361835,
            0.028027239355587187,
            -0.048443993258036167,
            -0.0356749820078848,
            -0.028464666029842618,
            0.013450597126377634,
            0.036618674690872495,
            0.030843737578230696,
            0.023409868789522337,
            0.010878072857619435,
            0.033880320803627045,
            0.019464750824978356,
            -0.02747095233094467,
            0.03937943134022497,
            -0.01874683680632273,
            0.00774363655532269,
            0.004728971631962066,
            0.006288681752716422,
            -0.0018922082014939962,
            0.027749048232472207,
            0.006442977780763706,
            0.003443583091787361,
            -0.022515812112203458,
            0.023862649783995625,
            -0.05161971654778069,
            0.007849612865039012,
            0.040054454535919756,
            -0.005842417644753747,
            0.0017102514370711714,
            0.0027785796033353806,
            -0.009179414230903085,
            0.017344113695371408,
            0.030923768994892433,
            0.009117368358806851,
            -0.03762421315690321,
            -0.01183483967744308,
            0.00413779505820619,
            -0.010781924181273276,
            -0.02750786245963754,
            0.008654419573036407,
            -4.647810897856819e-05,
            0.011485904363121715,
            -0.014462308950217594,
            -0.01596128596204675,
            -0.007373261341451375,
            0.018168605857474773,
            0.018629529100855958,
            0.0033691146785926208,
            -0.01343574096433294,
            0.012964033306188104,
            -0.01096333340749537,
            0.03964931034386471,
            -0.018029601373500674,
            0.042984389924156055,
            -0.011995083104389653,
            0.017348416716409954,
            -0.01902518248472733,
            -0.003495161893960624,
            0.009687111080542104,
            -0.019601909974514234,
            0.030704273919401493,
            0.007898301711614599,
            0.027013726868576438,
            0.022209859213912792,
            -0.0019545066885485705,
            0.042044748765365625,
            0.040680199126253785,
            0.032084174084250884,
            0.009725756843212063,
            -0.002026260916829582,
            0.011373018480940324,
            -0.0010974588957330294,
            0.01041558772766165,
            -0.016349683460808798,
            -0.027027145822829893,
            0.03487607337305685,
            -0.0014744524910757367,
            0.011618218864142165,
            0.036018874488162794,
            -0.006438907970642208,
            0.026160402782262795,
            -0.0018403470265142055,
            -0.054878399496569225,
            0.015266136933773496,
            -0.012986448133185202,
            0.0031188155204263934,
            0.0110582711794559,
            -0.0011927952151022452,
            0.013898990235721012,
            -0.005598197111260889,
            -0.012301054457081316,
            0.017074134979130476,
            -0.0057507983003938935,
            -0.017034616058532303,
            -0.033632238058816225,
            0.026360108725575454,
            0.038296177010799196,
            0.03088763163259146,
            0.009029708603592805,
            0.09079635361497825,
            -0.004646008091685333,
            0.01144573341553802,
            -0.00011330676019569164,
            0.04184394645615193,
            -0.013430652407936826,
            -0.005878970635909876,
            -0.0261290676376886,
            0.029468701036812275,
            -0.022943884801789424,
            -0.005186387958697068,
            0.02446266768023362,
            0.01647260603738488,
            0.03277339348406263,
            -0.0026964200578453055,
            -0.009312658819626493,
            0.03944987487733698,
            0.052740860067294344,
            0.022614944746172674,
            -0.011023850124178666,
            -0.009272105617766603,
            0.03570746803917924,
            -0.011413965654956766,
            -0.0374174812141999,
            -0.002730030565376296,
            -0.0186387065670754,
            0.0017364393780243382,
            -0.037364526433920714,
            0.0017577858281264554,
            0.0018596411034942585,
            -0.004390399114794635,
            -0.02860657909732024,
            0.026569072043931323,
            0.02464504907793762,
            0.00542844188798783,
            0.02540957840431378,
            0.006913041571506153,
            0.01013412613977752,
            0.02990291242594048,
            0.034577611518008304,
            -0.009753634019368511,
            -0.02878830294605204,
            -0.020080393171209437,
            -0.00740070849411735,
            0.02705506801474943,
            0.031348200009406385,
            0.003906426831559081,
            -0.04090780277212591,
            -0.002291503996024912,
            -0.002862825503793465,
            0.021207863077474978,
            -0.0024870708482062995,
            -0.00014914054396029334,
            0.010968713646014545,
            -0.0139711538768511,
            -0.024177366380113897,
            -0.03268376661397487,
            0.027228717792946496,
            -0.021642060666664603,
            0.022156571867181243,
            0.0028766533150209753,
            -0.028498209778159485,
            0.0012941734559106877,
            0.014109983452637413,
            0.011985585960441712,
            0.013317568161694542,
            0.04030815779861285,
            0.0336881666252975,
            0.012817914848214915,
            0.019856578181822633,
            0.008929542035371576,
            0.004686203620409624,
            0.027297635803163158,
            -0.014892740496411237,
            -0.06356777588336338,
            0.0031760068674205333,
            -0.020989022090915396,
            -0.005975549509251357,
            -0.03437047663117713,
            -0.003768508884046634,
            0.06256284183855257,
            0.0040275357333397835,
            0.012292399949256487,
            -0.048338056097600605,
            0.03663411319876065,
            0.0024497694561748263,
            0.014147745707425226,
            -0.0006883261652741372,
            -0.020573220921361345,
            -0.02149989713834671,
            -0.029130030284348934,
            -0.13459901488602716,
            -0.01606056971137714,
            -0.018248698679840705,
            0.000499398324534507,
            0.006232611137139868,
            -0.00874913551500674,
            0.007227263801417515,
            -0.054383535284841,
            -0.013743569899913932,
            0.021184930425883815,
            0.001202885909801595,
            -0.014844523772189372,
            0.008151043856855321,
            -0.031285697371410584,
            -0.007021629439149211,
            -0.003961121637506451,
            -0.006108453075037559,
            -0.03276577548540805,
            0.007112177940455068,
            0.04531238963958075,
            -0.018835238635132777,
            0.023853838475374298,
            -0.004904944126166419,
            0.03663421979876089,
            0.005165401046597881,
            0.0028276238725115886,
            0.03047860426653925,
            0.001274836861389554,
            -0.03480807234462397,
            0.005550495014363575,
            -0.002958370021691052,
            -0.0076857902072397,
            -0.06306265867929313,
            -0.017043202431674443,
            0.008406151223074162,
            -0.029560883571053045,
            0.022285553793652737,
            0.013656292041910177,
            0.020735967048157285,
            -0.013545259088155707,
            -0.050373738863468874,
            -0.0163914385850268,
            -0.042151974102803524,
            -0.0007103181079477364,
            -0.004685273627001242,
            -0.018634302465509234,
            0.03403450367620046,
            0.03919206556962743,
            -0.015676955455426318,
            0.0030257836732594124,
            -0.003861763807800769,
            0.01720207470345424,
            -0.0019882035670251534,
            0.003090608126108399,
            -0.038500031072851076,
            0.004034220457078088,
            -0.015455477750186969,
            -0.027418557112028785,
            -0.005586802719656395,
            -0.019817206222525384,
            0.019480973140717707,
            -0.003104028999918623,
            -0.050799927237812605,
            -0.023173087118253843,
            0.022062630934595647,
            0.007476378923964777,
            0.01555669979872292,
            -0.0006590613537961329,
            -0.029680265553084752,
            -0.017781907772879142,
            0.012353254404855048,
            0.012367700207316127,
            -0.03203117239222547,
            0.01763759532153046,
            -0.02582138566340853,
            0.021126564525700383,
            0.006595416052416805,
            -0.0139484478832174,
            0.0227833203728784,
            0.009286550220778015,
            -0.03226047129820376,
            0.01420150637596016,
            0.03948402304687375,
            0.026405798773560293,
            0.015754826905083917,
            -0.0031767416047710625,
            -0.019861993782684426,
            -0.011982305482672132,
            -0.014068471886776344,
            0.03256913579391967,
            0.020695695020045965,
            0.015850597996700588,
            -0.023842055108057272,
            0.029419390013663307,
            0.012154858205976858,
            -0.0027248443127443726,
            -0.025846012197123236,
            0.028609531489595028,
            0.02779730084457934,
            0.015193746634685942,
            -0.012877275344780448,
            -0.0004967939293483888,
            0.027133874033067544,
            -0.00899034699424949,
            0.028371031786310473,
            -0.019655045878987303,
            0.016548366513842783,
            -0.021185311292121194,
            0.040878784548744794,
            -0.0218585233062145,
            0.002323309940606846,
            -0.006349617022696864,
            0.0005431727025247922,
            0.017824790664897786,
            0.03179132585717152,
            0.017294836815002983,
            0.015909807734970853,
            -0.018436981759119356,
            0.015968947085509392,
            -0.01481385548048409,
            0.01277931289934433,
            0.010920011525043034,
            -0.01033423605819096,
            -0.022003821686550226,
            -0.027527897224688826,
            -0.028372098485360417,
            0.012785484363684499,
            0.015296832820327838,
            -0.014754853777293547,
            -0.01020873556103843,
            -0.007659146878369582,
            -0.01047615982263222,
            0.016732227210659124,
            0.014946410434372484,
            0.007559391021769772,
            -0.008960936692180902,
            0.0017917776927464694,
            0.02848182704819034,
            0.01386446533892282,
            -7.00654268398623e-05,
            -0.02675840699134842,
            0.003590627324982702,
            0.014789967565352639,
            -0.009669844322176251,
            -0.014413829519218392,
            -0.00888394168698751,
            0.006301732433679263,
            0.018780892520293486,
            -0.01852556504907677,
            0.009370514479148356,
            0.013364953816795245,
            -0.025704976773559485,
            -0.006352019856552572,
            0.007996300550366243,
            0.00038441875616773745,
            0.02470261978682896,
            0.029350997075019706,
            0.0002998466265928517,
            -0.0014069144016458954,
            -0.055741828245997556,
            0.009934803647676673,
            0.026197379154683332,
            -0.033550988837799584,
            -0.011975238430475455,
            0.01934549337934738,
            -0.014695468783825796,
            0.004078920905124841,
            0.006799105114930555,
            -0.042017411323216985,
            -0.009365593236951329,
            0.03033230159145345,
            0.03360145419765344,
            -0.014039828326196782,
            0.035402406584741024,
            0.0007162642923130625,
            -0.010085942001820631,
            0.009821491536485111,
            -0.0017934528380909793,
            -0.01847505967744599,
            -0.008189921962918068,
            -0.061752472052905995,
            0.007733596232410399,
            -0.0441987199033298,
            -0.04067639392392084,
            -0.0218640624125041,
            0.010930894476536293,
            0.04369276230110117,
            0.030839029204108748,
            0.05569130562444355,
            0.012346269289793693,
            0.006975115390489251,
            0.006514421604721235,
            0.015191875078353179,
            -0.014820885618850685,
            0.007627299852379869,
            -0.006069760911079743,
            -0.0036331246441261697,
            -0.05807205243710553,
            -0.012396976822479717,
            -0.05490768334865561,
            0.017984249413954857,
            0.01729483578403007,
            0.005865658284170712,
            -0.023714022928167496,
            -0.01698927582692304,
            -0.02895430851375619,
            0.058564465852146516,
            -0.01963224363279324,
            -0.051394331171641966,
            0.013851469347255941,
            -0.02071571115719141,
            -0.02198269128702266,
            -0.003699525502654667,
            -0.014504918788019018,
            -0.010860776774384098,
            -0.05206837597984876,
            0.0176555687810935,
            -0.01460310167540652,
            0.014358489851540167,
            -0.0060297514187549585,
            0.008515337117398089,
            0.007005213324544903,
            0.026551844092864627,
            -0.0053029030097561216,
            0.00874593628035307,
            0.0023855593803426838,
            0.04576744926594847,
            0.021039312889591173,
            0.012865469205553523,
            0.034279170362867616,
            -0.06967732187934542,
            -0.0363332298794365,
            -0.0015758065120541594,
            0.012633053686020098,
            0.0008310582926194946,
            0.055025007832249624,
            -0.004454954024075778,
            -0.03591981774379957,
            0.024558513283473665,
            -0.02588051293900081,
            0.004995822269482635,
            0.009925105549665305,
            0.010886784124228202,
            0.01662169828156014,
            -0.0241274640416642,
            -0.04590653275255971,
            0.0046610703903125685,
            0.04802044471540334,
            0.008062678768370508,
            0.015539548958081306,
            0.0010464476902160603,
            -0.1014318017594373,
            -0.01843766311097436,
            -0.007558134063105992,
            -0.009812127211917904,
            -0.00034492777240023066,
            -0.013663860362797108,
            0.01082087957503703,
            0.022178775214142077,
            -0.01210636445201047,
            0.017238357996083222,
            0.015691764705724795,
            0.00870623692958044,
            0.018368704394961365,
            0.028466030795498455,
            -0.0040197078111645105,
            -0.015245629540938234,
            0.019269610785500477,
            0.021941758953973916,
            0.007595287757697946,
            0.011249471477255878,
            -0.013614827043299667,
            0.028910785669698277,
            0.012791412098676933,
            0.0053132676211688525,
            -0.04097475090144743,
            -0.010403071437252893,
            -0.015489016323526866,
            -0.005990883305580244,
            0.014195415976202946,
            0.019903420484454135,
            0.002961611218794207,
            -0.03579253280242657,
            -0.013426171028725845,
            -0.016155324465674727,
            0.00840543261540747,
            -0.015238279253047153,
            -0.02702541295236019,
            0.03742092556624013,
            0.02988619436349755,
            0.04702120433217175,
            -0.0036664575693350944,
            -0.01759198565416537,
            -0.04287149541952711,
            0.007548787682481419,
            0.0067621707521067905,
            -0.011626405059177872,
            -0.002888074606433579,
            0.012401734190406102,
            -0.012415677177717558,
            -0.03933979373211005,
            -0.030230807865425875,
            0.030223514844263045,
            -0.03946159062294372,
            0.015197052293320955,
            -0.029006837577997623,
            -0.0064571550099651225,
            0.02147214501910555,
            -0.02021056806818012,
            0.002688539954652276,
            -0.019454132134263953,
            0.01001066451315684,
            -0.012704691571613913,
            0.0068867437490448494,
            0.012229477466733344,
            0.028645735095623667,
            -0.019137239359733382,
            -0.06529628655854723,
            0.00022351960456396523,
            -0.03427999764505063,
            -0.013393052302427336,
            0.006930545684793107,
            0.015801179330008214,
            -0.02369075563812196,
            -0.006735682149517096,
            -0.019958676324042014,
            -0.0083093403382653,
            0.04016061489678598,
            -0.023341261961886944,
            0.01676710227587069,
            -0.0005010039393376184,
            0.04507972918119373,
            0.03294499750181475,
            0.0313968410716834,
            0.01065986838317067,
            0.020122266288924783,
            -0.00019584614095023234,
            0.023484643978522964,
            0.022137438211973143,
            0.029317523000302756,
            0.018888419032340325,
            -0.032768217994087176,
            -0.052778535388502815,
            0.053230497039277444,
            0.04268849891118171,
            0.011639926117389714,
            0.06089548627557569,
            0.008790322705614945,
            -0.018922289835179067,
            0.014679967494764872,
            -0.0071262789330407885,
            0.003111685637395607,
            0.0009063499896797304,
            0.011236692647289515,
            -0.04406019667210129,
            0.03739346116365093,
            0.029370636479875624,
            -0.02199930584992624,
            0.015678367489894277,
            -0.01598762053488948,
            -0.03375978656694868,
            -0.02318816856027338,
            0.004110419492721601,
            0.005812223111128034,
            -0.037191208528156584,
            -0.03475362514925706,
            0.0007628142288582896,
            -0.01567853239513783,
            0.01351734206367099,
            0.01579740931651303,
            -0.0444477196198682,
            -0.030552517693622813,
            -0.042834869901997204,
            0.0041289103556868285,
            -0.006954182881341057,
            -0.018404436404178937,
            0.002856314441645993,
            -0.006963064996371935,
            0.011433143287412899,
            0.01351112678050335,
            -0.0552651917617232,
            0.01310256377433941,
            -0.011117336018371067,
            0.003132317500938767,
            -0.0051246479999105575,
            -0.018288013714391312,
            -0.006837994190784471,
            0.005539567213069932,
            0.029262638371017727,
            0.02120149738302177,
            -0.023039868404415274,
            -0.015051485475825074,
            -0.028871626221410207,
            -0.027924263569453933,
            -0.04203540169574975,
            0.019699691305812683,
            -0.011567200495884578,
            -0.02944945146010886,
            0.01488750635669682,
            -0.01395615626543596,
            0.025324126558822997,
            0.0029062523109150565,
            -0.014657124195764773,
            0.015802227748162017,
            -0.01800542953368351,
            -0.0006972717394657007,
            0.030705205385087066,
            0.01948157790391921,
            0.016441558609462642,
            0.008881695301890497,
            0.036430220837353915,
            0.01599119597629002,
            -0.0033981945603930638,
            0.00019887608369736215,
            0.020930248081683332,
            0.011930352545754027,
            0.0025495098485084663,
            0.006387847855559173,
            -0.017981117622478518,
            -0.028738130834893016,
            -0.009861863614151135,
            0.002014013799405319,
            -0.01584321493395538,
            0.016491421273088922,
            0.013413527951381383,
            0.020697013210909096,
            -0.004168877248746207,
            0.0006755238546039982,
            -0.02171017485057136,
            0.003206800818279982,
            0.011670987697288335,
            -0.06273569538442843,
            -0.04316486216270591,
            -0.01755929867509263,
            0.01893898374772948,
            0.01980449759547266,
            -0.02564907995095943,
            0.020528076991867143,
            -0.012444937573930837,
            -0.013880345427247195,
            -0.0020822043142223476,
            0.008806102318164633,
            -0.02436911623633296,
            0.00045514950450144384,
            -0.029057115949689336,
            0.028125344628376372,
            -0.02552878788711323,
            -0.006102405453078708,
            -0.023050823805586075,
            0.01521180461887279,
            0.026707302036521198,
            -0.003274455051587901,
            0.048094092493669235,
            0.0018118754488970113,
            0.0068174771319584795,
            -0.004124140739309333,
            -0.018557488058967054,
            0.010654952662960314,
            -0.006975337041946499,
            -0.0018070136489976068,
            0.027677829162946862,
            0.002188543940390406,
            -0.05345762805736559,
            -0.0037489506751593417,
            0.02090581956501981,
            0.02102387007299329,
            0.02393663322917475,
            0.02066037424296437,
            -0.01760867749471376,
            -0.028332465021249552,
            0.03251189351753282,
            -0.015565196310072653,
            0.018592427285848062,
            0.02012586622722754,
            0.00829055374346753,
            0.021707868963295417,
            0.0056133895525139026,
            0.00911149288907055,
            0.02301642724721106,
            0.0051455046093965605,
            -0.003501829799023784,
            0.015447368143804764,
            0.02196602359888084,
            -0.04428493209325653,
            -0.025604957523705084,
            0.03240184066620247,
            0.009584128562916315,
            -0.026839427819359083,
            -0.05421364448119387,
            0.01866123489655608,
            -0.01984818637574704,
            -0.02752646000935544,
            0.015876498223515844,
            -0.020216249654813088,
            -0.03145074594555401,
            -0.042054938989105124,
            -0.03948019023460745,
            -0.021459342905513906,
            -0.005562319350248262,
            0.010961351632700964,
            0.024906738109659696,
            0.011645859027359116,
            0.01276922376116055,
            -0.0192423889153234,
            -0.00526102713607554,
            0.02563415582019475,
            0.001148888833080097,
            0.007375541363898676,
            0.044968077659271063,
            -0.018173990408474755,
            0.013051747230183559,
            -0.0052580455874080174,
            0.01976045657981098,
            0.009355946202232377,
            0.008301879051140743,
            -0.019497532503866967,
            0.02200261392757298,
            0.038397219497941976,
            0.014988632674443995,
            0.03846038209135146,
            0.006656207716786395,
            0.029409575129146413,
            -0.018328702139559373,
            -0.010639793427809508,
            0.0009606316186300898,
            -0.012854404098893484,
            0.02555199239347195,
            -0.03403282772796335,
            -0.006088179792706596,
            0.015416890285218173,
            -0.00977125783857488,
            0.03785053759271621,
            1.6998185106192366e-05,
            0.0032865314890668084,
            -0.04186769465193336,
            -0.001982193426558228,
            -0.011557208988243774,
            0.0154154465169252,
            -0.026736727337978033,
            -0.008207134215549009,
            0.0007745692551314599,
            0.0059382762747026896,
            -0.02614637493337403,
            0.016921508346360716,
            -0.020381030518193025,
            -0.0038132776478230802,
            -0.005279961822469819,
            0.007585683495749255,
            -0.037514976543782524,
            0.021078243954929462,
            -0.009090058858516974,
            -0.023014909998267625,
            0.01225173842743213,
            0.005044621852520369,
            -0.007975101981264696,
            -0.005757412130970221,
            -0.010830267008467639,
            0.012399735341707374,
            0.03547042486309712,
            0.0326272032704313,
            0.0011687956016898091,
            -0.0051316294122721404,
            0.001223076729454583,
            -0.025415990326549995,
            0.047212985238252625,
            0.005202848134787778,
            0.025988752546783865,
            -0.002043483322335962,
            -0.05487193030257667,
            0.00733092853339447,
            -0.0046648724896705684,
            0.02272864825460255,
            0.002744359678140474,
            0.018206815212171427,
            -0.01648096679359867,
            -0.00795822747006307,
            -0.018542423172851333,
            0.023549961019463956,
            0.03382908819936796,
            -0.001976697482167776,
            0.005018106512549673,
            -0.011536226204117149,
            -0.03901532402178714,
            -0.02011839830290502,
            0.01665600307838856,
            -0.0482795008053276,
            -0.009610629408929023,
            -0.026538931237782736,
            0.026353809958813125,
            -0.014106428364135044,
            -0.040716000472117764,
            0.030139579563752482,
            0.02057914745690411,
            0.03571826129107172,
            0.01568525135595126,
            -0.022788516048532288,
            -0.0008753858861482042,
            0.018586261333438363,
            -0.0017849671634980065,
            0.01460202843345319,
            -0.0016482442484305805,
            -0.0661573914868132,
            0.015621637179161324,
            0.021611385133008428,
            -0.01777349251093044,
            -0.03703646402221783,
            -0.0076402992148211155,
            -0.02412264389005099,
            0.01615382756962946,
            0.005034978604739568,
            -0.001662010686800304,
            0.009452497475696698,
            0.029543013253963454,
            0.03871819863849786,
            -0.019541113650654134,
            -0.004925296236846237,
            -0.024343885281398355,
            -0.027145237206333477,
            0.006832712950734687,
            -0.016424674610803245,
            0.0020935988001214156,
            0.005788787644387245,
            -0.018502087667033786,
            -0.009208983906172356,
            0.04866898259001632,
            -0.016252035300928887,
            -0.013265900522416668,
            -0.022578908464399326,
            -0.005935568300766943,
            -0.014273038353059087,
            0.004374249506476059,
            -0.009917461339172384,
            -0.002625740806566145,
            -0.03372440679311842,
            0.0022654113533554167,
            -0.001660620046259626,
            -0.017070305279895316,
            -0.0753691606495942,
            0.020879228682452827,
            0.017313959436293946,
            0.01444273250758145,
            -0.010855461738563473,
            -0.003335692794949621,
            0.033269087039919695,
            0.0029408095488052473,
            0.0038463650665165583,
            0.03885325543979566,
            0.011556830877971633,
            -0.017123735106970225,
            0.0096649748297489,
            -0.007582896177194769,
            0.016737299211151423,
            -0.013140955631212547,
            0.004533721624223629,
            0.027041503137710116,
            -0.026399403407227896,
            -0.02238284868717243,
            -0.009992872510970094,
            0.005184048424014637,
            -0.030495032026098757,
            -0.023209663996531158,
            -0.044120399628771026,
            -0.008934151747977633,
            0.057824856992143105,
            0.024935569339850566,
            -0.018627816021593448,
            -0.0005939829986115728,
            -0.013445803533612473,
            0.038870295024717595,
            0.0485465550661244,
            0.023073287279377908,
            -0.00894524289799926,
            0.020477067937562477,
            0.0155983788610871,
            -0.0026844961137101895,
            0.00909824711549851,
            0.029169335999918524,
            -0.008113264867630744,
            -0.04681678863675453,
            -0.010623711698944445,
            -0.015640658025905255,
            0.019599627890121107,
            0.016135356975324023,
            0.005794320750294811,
            0.011138933397652628,
            0.03277108552478466,
            -0.02997552041101418,
            0.006301617721689814,
            0.025631836816943438,
            0.020140309442200133,
            -0.016337360874970418,
            0.009696313781373648,
            0.023551978149058826,
            0.006365090280632547,
            -0.015435379854439156,
            0.01116717591511555,
            0.014346649906486202,
            -0.02315950084728725,
            0.01577756843959318,
            0.013279630304699537,
            -0.014076030544186598,
            -0.0018536356617312696,
            -0.01943245626783172,
            4.2177390271122724e-05,
            -0.021639608502050947,
            0.03389041718878983,
            -0.04669499725785133,
            -0.009201800416993908,
            0.024293186720683646,
            0.03556939880782887,
            -0.001709626881091195,
            -0.006152489084199027,
            0.015294599035719737,
            -0.020810616327802664,
            -0.019699880702930363,
            0.0006821210349819331,
            -0.014067473495913942,
            0.04536398033816732,
            0.029000042028530692,
            -0.01982071818621969,
            -0.04361635049167714,
            0.03558180728621746,
            0.014001537896860965,
            -0.013635911951497078,
            0.019966285697734978,
            -0.0003819953537898225,
            0.021536635471882934,
            -0.02064882926154136,
            0.008062349042121773,
            0.0245641310453907,
            -0.0037062568382767685,
            0.005847482735220556,
            0.06120099275792073,
            -0.005519157188006317,
            -0.022558086102044645,
            -0.0033233920713776942,
            -0.015216024840279854,
            -0.05503678567757998,
            0.04428749190141358,
            -0.011360061980535813,
            -0.0028170911686419852,
            0.006127484871460259,
            0.007617665323855256,
            -0.01568695903801338,
            -0.008944974156262848,
            0.0044231236954317445,
            -0.011625909312474293,
            0.023916418391014913,
            0.02256784508775971,
            -0.025277625794615163,
            -0.028352931708288478
        ]
    },
    {
        "doc_id": "f5f4ecb4f81b11ef9b4f0242ac120006",
        "kb_id": "ed952a8ef81b11ef870d0242ac120006",
        "docnm_kwd": "\u9648\u6b63\u82f1-\u6570\u636e\u7814\u53d1.pdf",
        "title_tks": "\u9648 \u6b63 \u82f1 \u6570\u636e \u7814\u53d1",
        "title_sm_tks": "\u9648 \u6b63 \u82f1 \u6570\u636e \u7814\u53d1",
        "page_num_int": [
            1
        ],
        "position_int": [
            [
                1,
                37,
                356,
                783,
                795
            ]
        ],
        "top_int": [
            783
        ],
        "content_with_weight": "\u6559\u80b2\u80cc\u666f\u6cb3\u6d77\u5927\u5b66-\u672c\u79d1-\u8ba1\u7b97\u673a\u79d1\u5b66\u4e0e\u6280\u672f\uff082017.09-2021.07\uff09211 \u53cc\u4e00\u6d41",
        "content_ltks": "\u6559\u80b2 \u80cc\u666f \u6cb3\u6d77\u5927\u5b66 \u672c\u79d1 \u8ba1\u7b97\u673a\u79d1\u5b66 \u4e0e \u6280\u672f 2017 09 2021 07 211 \u53cc\u4e00\u6d41",
        "content_sm_ltks": "\u6559\u80b2 \u80cc\u666f \u6cb3\u6d77 \u5927\u5b66 \u672c\u79d1 \u8ba1\u7b97\u673a \u79d1\u5b66 \u4e0e \u6280\u672f 2017 09 2021 07 211 \u53cc \u4e00\u6d41",
        "id": "ffdddca550ba3759",
        "create_time": "2025-03-03 19:10:49",
        "create_timestamp_flt": 1741000249.582709,
        "img_id": "ed952a8ef81b11ef870d0242ac120006-ffdddca550ba3759",
        "q_1536_vec": [
            -0.016164753307810545,
            0.05185107476705939,
            -0.02312024798797232,
            0.02328091002230512,
            -0.038155853286478615,
            -0.0007025752386237254,
            -0.0026553618771031663,
            -0.02089897308630941,
            -0.01591319013978655,
            0.006016959169511836,
            -0.07936566095232485,
            -0.0028764380419806046,
            0.019613160651904188,
            0.014323529450914143,
            -0.02741461048708046,
            -0.0025065424524128815,
            -0.015564197594865981,
            -0.014660419692926079,
            -0.009377124205647333,
            0.012444964422801593,
            -0.008996301807717466,
            -0.008744958273467524,
            -0.02214528668196328,
            0.04302237048185071,
            -0.0392274745868625,
            0.0017260529900118065,
            0.0021218777592858077,
            -0.03823545335970586,
            -0.0024660401068722863,
            -0.0008662470733923253,
            0.014333860122538324,
            -0.017101093569368928,
            -0.007659664873510923,
            -0.015383687345871342,
            -0.02604259937761892,
            -0.027904212357130958,
            -0.0028934318203721744,
            -0.012952638315722293,
            0.013586605102820106,
            -0.0576156175673178,
            -0.020685449974624577,
            0.009528993050949886,
            0.008832532918214758,
            -0.013114960301439885,
            0.01090568422799113,
            0.0248239241574381,
            -0.007691469116190373,
            0.010484650908871653,
            0.0034698236338523746,
            0.045877002855888624,
            0.010156752698852736,
            0.03136593145244631,
            -0.007621743423584473,
            -0.02130293170793125,
            0.024797570836265874,
            -0.029246822996335742,
            -0.026032798363395386,
            0.03888977729193043,
            0.018326851676169105,
            0.006818566124175186,
            -0.03166890136453095,
            0.004240544745832196,
            0.00985938897158523,
            0.016754319270124676,
            -0.03926220516268292,
            0.012888483259559146,
            -0.005403927114936105,
            -0.010608305716858828,
            -0.016927358903405895,
            0.01229440709164115,
            0.003446961967679246,
            0.010552841672510532,
            0.05830345634364012,
            -0.04242064733757591,
            -0.020293137505018766,
            -0.00708413524780036,
            -0.003521184558670218,
            0.017448954238848416,
            0.0004228224543075792,
            -0.007676176449683694,
            0.013943410177062736,
            0.021830517454032413,
            0.03915774341660504,
            0.01450536320782172,
            -0.003189285550203875,
            0.016414821249112678,
            0.028604477475669174,
            -0.002814118613410913,
            0.01457297394424691,
            -0.038794695329483944,
            -0.049982446139055996,
            -0.010494224106660266,
            0.024967811043045636,
            0.042920402262459384,
            0.02574370916305665,
            0.02831959703909019,
            0.01775608037910233,
            -0.027428213131479542,
            -0.013217036622330603,
            0.00047608983639801255,
            -0.014170986436218358,
            -0.025758385189205854,
            0.006163217649824767,
            0.022213270231022264,
            0.019819803937678772,
            -0.03085331915306315,
            0.0029344086358605087,
            0.0002286851530414859,
            0.0031155375189420406,
            -0.013596848267285147,
            0.009735125351868469,
            0.021355882584635773,
            -0.04942747496004027,
            -0.015283515993939175,
            0.016335316105036076,
            0.004128917464748996,
            -0.019140837508473018,
            -0.014842879988239627,
            -0.01854367989172916,
            0.038960983832694564,
            -0.008837686027546345,
            -0.005711140134275247,
            -0.014821699882775569,
            -0.010657146698902253,
            0.03602003245562043,
            -0.00244739306432387,
            0.006791938165096186,
            -0.016667300059519878,
            0.010785557543339859,
            -0.016080377889999546,
            -0.026169947011060606,
            0.02215331788416159,
            0.03414655385297286,
            0.020838617250562526,
            -0.014563208811221643,
            0.03553590871013611,
            0.027717297253288337,
            0.022116034881327275,
            0.003203050047844631,
            0.01169601961744284,
            0.012278264912356451,
            -0.02242822079824864,
            -0.008634835323410237,
            -0.0057700949268110644,
            -0.013376247088499521,
            -0.017964847469366278,
            0.0036520429028083787,
            -0.013689990458038533,
            -0.014364011673169922,
            0.010654991367313828,
            -0.01818024985593037,
            -0.03187690004820051,
            -0.00815023033096884,
            -0.010526790339929048,
            -0.004689033109514885,
            -0.03409051639764435,
            -0.01605037821699123,
            -3.7394823363381186e-05,
            0.004565186126066607,
            0.01738589405337572,
            -0.0028724525209977312,
            -0.039043769597626295,
            -0.005859930447261826,
            0.003647556211812035,
            0.00935173607964118,
            0.015653973904709826,
            -0.005860911587418919,
            -0.026856907963023157,
            0.006885111897978182,
            0.025132296262792043,
            0.0064962470886281,
            0.0007354675937712198,
            0.041795546939494214,
            0.02664743677651079,
            -0.005160311977263553,
            0.010371700073106126,
            -0.0476171414776107,
            0.020981312221819735,
            0.033047102397019065,
            -0.014479522025116948,
            -0.017412036123663186,
            0.0013134425860840868,
            -0.03665476331775774,
            0.002837258786543357,
            0.05619834565295508,
            -0.011144214821998268,
            -0.0163946696045134,
            0.051773440159604556,
            -0.03677656396195966,
            0.03997003792556488,
            0.02437294328674962,
            0.009506430544760316,
            0.00953198310393676,
            -0.009566881014407802,
            -0.005256583883418747,
            -0.02879863396750268,
            -0.013313733946765199,
            -0.04748044590543103,
            0.035011777683399185,
            0.015427121034906417,
            0.0009991589458607105,
            0.0010797451320246924,
            -0.01096719210567385,
            -0.05174869466086302,
            0.022250319858442814,
            -0.07589159678363182,
            -0.011901059775224597,
            0.001471532210426354,
            0.0035405156526914804,
            0.02177188057253404,
            0.018663914730483233,
            0.011348472080813483,
            -0.011151380396258206,
            0.022902997255613202,
            0.023579380373809453,
            0.024920902070365163,
            0.00515693221702622,
            -0.029798329151302334,
            0.02749773220752037,
            -0.016793680394558398,
            0.005665354203756749,
            0.002422009455071479,
            0.013675798340102291,
            -0.01520977246064417,
            0.033394744881585975,
            -0.0021061852904656563,
            0.026652492724616568,
            0.008779944364260255,
            0.023401851174353252,
            -0.003949675971772583,
            0.01254848968817418,
            0.01053256966235749,
            -0.0170756530078865,
            -0.02030941741365063,
            0.0051041802246157095,
            -0.011612043224367692,
            -0.010771348652110256,
            -0.011519226669408038,
            0.0021683697003335636,
            -0.026376410122659687,
            -0.02386317173514389,
            0.008096920176862265,
            -0.011158340027115623,
            -0.018813889233063857,
            0.05195216770444568,
            -0.008546815335448512,
            0.02631743407765062,
            0.01935541994998869,
            -0.01858582771319062,
            -0.022044534859942386,
            0.03221262543129605,
            0.011131464905894506,
            0.009634377358409243,
            -0.04269073309783956,
            -0.042284494935484314,
            -0.006194486439657661,
            0.021838012537736384,
            0.01102304358386618,
            0.021983965303433287,
            0.004590267894353272,
            -0.005963347030571907,
            0.007050871394406388,
            0.044415993527303375,
            0.0004591594262415295,
            -0.023012129437748434,
            -0.0016220082718092607,
            0.00154563154941277,
            0.026150083036606625,
            0.053827210549203475,
            0.021858102414344452,
            -0.036515604141989316,
            -0.028169538237352954,
            0.011988461259816202,
            -0.005436553201915264,
            0.008358427388424424,
            -0.01668632417526251,
            0.008163534807824075,
            -0.017061121060791776,
            -0.0017951071006678562,
            -0.00269871133046132,
            0.012336128219888448,
            0.022575867474732985,
            0.012881639462472182,
            0.01979976169581535,
            0.015469191593775453,
            -0.009312556430619422,
            -0.02971330116066741,
            0.012125738648409705,
            0.025998778935417133,
            0.002902887718620618,
            -0.009626723951017848,
            0.00289489487669357,
            0.020491676895359794,
            0.01028011274752701,
            -0.013896378924547668,
            -0.00022262901471731646,
            0.0008896211697234846,
            0.01395972612954743,
            0.025567263665065017,
            -0.0197614650310106,
            0.02821872547958945,
            -0.024882653070364146,
            -0.000510957941535112,
            0.022923257031770963,
            -0.006046105456091833,
            0.01591451929552038,
            0.0358760129554343,
            -0.032023002134136405,
            -0.062360349552970984,
            0.010658220177009207,
            -0.04174121879937708,
            -0.018926870294691985,
            -0.0046311536430691195,
            0.015576028460355593,
            0.02184472117789002,
            0.021717202994280402,
            -0.03012874761061786,
            0.007574609827442056,
            -0.008066919232676575,
            0.013644008245698952,
            0.009173624121660276,
            0.014173361231411503,
            0.01795501106190815,
            -0.018132777103792023,
            0.011148510678766004,
            0.0013800136559820363,
            -0.024736589570635834,
            -0.01717902808847912,
            0.009753319565731215,
            -0.00032383302763528077,
            -0.031212255764066204,
            0.04927778428401373,
            -0.03446821065411458,
            -0.0005599698458249725,
            -0.02337214112334493,
            0.05240451809124616,
            -0.02148617714555868,
            0.011903994476225309,
            -0.01624395178388809,
            -0.005619453695615626,
            0.010741739635978048,
            0.005988579390274932,
            -0.01428493482630874,
            -0.010154139139436311,
            0.007607138745680636,
            0.06512968876733499,
            -0.015028334195160807,
            -0.002873420062443388,
            0.01636015010189364,
            0.03819065790185939,
            0.010773520726932951,
            0.05339548270861082,
            -0.02134681459880157,
            -0.015565477031405001,
            -0.026525973358994412,
            0.026884813429330797,
            -0.01050258415265483,
            -0.015691802014457364,
            -0.01405252980740835,
            0.006318066602554887,
            -0.022389541874486617,
            0.03629215964301242,
            -0.007102755061383996,
            -0.029329792824122822,
            -0.02744535282751523,
            0.0044250856825555854,
            0.01655265209744961,
            0.012838060341877969,
            0.009577242929153181,
            0.03481444178327077,
            0.0028618835411761607,
            0.024744255870155513,
            0.0012722423193342585,
            0.049223253423526146,
            -0.0311643221891417,
            -0.01664323417400667,
            0.021970998556256824,
            0.004255910756192359,
            0.003668787646108248,
            -0.02272417831493308,
            0.002651564771196155,
            0.017367643534143783,
            0.002109196730399946,
            -0.06528315851231258,
            -0.011665337718128721,
            -0.019895358501738597,
            -0.04190916129587202,
            0.00017659520795877464,
            -0.02481018895857862,
            -0.04460972025803044,
            -0.0010865609315668452,
            -0.04779076286718757,
            0.010203154552812739,
            -0.008262372029364064,
            -0.009986538386380684,
            -0.005426817178715014,
            0.029454685221835506,
            -0.005155045254964533,
            0.04024394781711038,
            1.692863786458259e-05,
            0.03983124430309333,
            -0.020938447487129294,
            0.01672670212458056,
            0.010026343087373078,
            0.041687650092464994,
            0.01439380796016001,
            -0.0008716686178069739,
            0.0025561500988178797,
            -0.06907710706764919,
            -0.02136427738827625,
            0.006531886096340809,
            0.0013530376084531386,
            0.0032523959278055107,
            -0.010972814390621794,
            0.006146059258700113,
            0.029256242372161147,
            -0.014343982308405237,
            -0.001418579961490901,
            -0.025048276108622557,
            -0.03131014370161467,
            0.0259655781061622,
            -0.017314607707664412,
            -0.008763248082128673,
            0.02582126517044396,
            0.001462563565685602,
            -0.04322028816833386,
            -0.009308838176276549,
            -0.003609823019942968,
            -0.003505648932738228,
            -0.01266558966294138,
            0.014358984702293688,
            -0.009034033399342658,
            -0.011028210848988652,
            -0.010585151127144393,
            0.0050815586873820175,
            0.017072043823455597,
            0.013166996023724876,
            -0.010738817812076073,
            0.0036868458916435648,
            0.029987958243907896,
            -0.0053165500532464174,
            0.008965816889021075,
            -0.022341478332545097,
            0.026531356244130392,
            0.01924907801322238,
            0.024115397374040313,
            -0.008201268336274416,
            0.037404111257969705,
            -0.009847554883063547,
            0.02545532935141902,
            -0.008156409143552494,
            -0.024782266756551482,
            -0.024696623508122826,
            -0.016206014256375148,
            -0.01652912938202447,
            0.019146293737462478,
            -0.010688918608724621,
            -0.02235603601880775,
            0.039229805605931756,
            0.030923483114745486,
            -0.02253148904851924,
            -0.005832548214835008,
            0.02559701233234,
            0.010082341135706453,
            -0.0015469642516090937,
            0.030217243197715758,
            0.00802711695271562,
            -0.026313020442772502,
            -0.01529826483973955,
            0.03357141426357926,
            0.011233224609469473,
            -0.026474693211293702,
            0.05498836452751095,
            -0.04234853591701806,
            -0.0035529089964024974,
            0.009539670954937105,
            -0.04763161422912806,
            0.014339720536120858,
            -0.023704684658327185,
            0.033005242275762,
            0.027731013144014487,
            0.030772698351242193,
            0.019285642150973014,
            0.024344278417296035,
            -0.03589206504011648,
            -0.020526509822322327,
            -0.012509046186379444,
            0.01745508171320645,
            0.05698629593501399,
            -0.006593809382868058,
            0.013778621202069772,
            0.00866000301364171,
            0.012431602745977101,
            -0.01560355100205819,
            -0.015304849278262981,
            -0.0010422198278980713,
            -0.04474044344147789,
            0.014146103208129656,
            -0.03549166798321044,
            -0.047394438374882886,
            0.009396324307878207,
            0.007352283853873376,
            -0.013974940262284312,
            -0.0003177409599839137,
            0.0488204719173603,
            0.0650330055911765,
            0.033197529324467005,
            0.012414727530788299,
            0.031092411597217783,
            0.004086966211163117,
            -0.02126070408152262,
            0.0022510383806492867,
            0.02416970965800847,
            0.02737323883454354,
            0.0027691847492973395,
            0.012873445457406554,
            0.02583095870372724,
            -0.021217890825168038,
            -0.00808660848054753,
            -0.03339442696303377,
            -0.03365193979591094,
            0.0005129529061192648,
            0.007673615662324821,
            0.017613874497124413,
            -0.05061967925110781,
            -0.031027538281500556,
            -0.017020502395395747,
            0.007013636646875862,
            0.013956171669028775,
            0.009364158370522652,
            0.03328077526156666,
            0.027823906931507474,
            0.011998967331185963,
            -0.010864083480327136,
            0.019556444854524728,
            -0.05388524659831494,
            0.021215321692493735,
            -0.004354433902771342,
            0.009387116678416003,
            -0.008493910807281716,
            0.00546975983413088,
            0.04982307609305183,
            -0.010229889357243303,
            -0.021469761134125222,
            0.06886929374807144,
            -0.004888790700120808,
            -0.01460306677223526,
            0.009722157946559,
            -0.010207877730868549,
            -0.013750221471596075,
            0.04095883868834159,
            0.018402847399513544,
            -0.037058105380349385,
            0.018595922828594045,
            -0.016367809304730942,
            -0.014016797175538857,
            0.019214416287046003,
            -0.03719795707650396,
            0.04919303800542363,
            0.0317106939223509,
            -0.004993736738503732,
            0.005350484546479369,
            -0.009785176270188644,
            0.010380622612351644,
            -0.019234888437640884,
            -0.02340718948512209,
            -0.019536457934588372,
            0.021581327322060518,
            0.038086308456240316,
            -0.011238149274292224,
            0.04272468043811215,
            0.036066627353339896,
            0.02028457568452201,
            -0.016320367436588202,
            0.0012245700548279867,
            -0.0020762862855697992,
            -0.028724450220791314,
            -0.07109464890151812,
            0.04442636024278039,
            0.047762239600731456,
            0.013647177852302185,
            -0.02267164964474805,
            0.008175488618796058,
            -0.010418370289078096,
            -0.03531323904878819,
            -0.01662658195573423,
            0.002662593736108077,
            -0.017451664974520192,
            0.008839526648585078,
            -0.007787307909368969,
            0.0218713044074621,
            0.006650440237987447,
            -0.02079269806236199,
            -0.00011395372137750294,
            -0.007801047609952668,
            0.005713335368337258,
            0.012006904247337101,
            0.03226129779999671,
            -0.021715852771272193,
            0.04090612979889242,
            0.019599249107430872,
            0.02356318158639077,
            0.04215459552564696,
            -0.011273261488510763,
            -0.007153944619003736,
            -0.013557474265752684,
            0.019351373169643905,
            -0.021862892542793017,
            -0.027625543886780284,
            -0.008300911952601539,
            -0.006734674052800973,
            0.05447628380732404,
            0.015548781377347335,
            0.02861070197865755,
            0.007158518536938739,
            -0.031112903040916448,
            0.02436581504254943,
            -0.03919915915554542,
            0.018896714737814617,
            0.030461049808962994,
            0.0030094155560905036,
            -0.052242549284719914,
            -0.006886166741114352,
            0.037296695975691914,
            -0.013197883795718783,
            -0.0028926078747140626,
            0.006746183761676754,
            -0.0020087150351681456,
            0.006686439302558523,
            0.00631387690294662,
            0.006899674744098055,
            -0.009522168561996256,
            -0.024675506486915987,
            -0.020447115692497613,
            -0.03944891370256388,
            -0.002288493770696273,
            0.005537111987691464,
            -0.017476320393688745,
            0.013748799160882206,
            -0.011086907576682627,
            -0.003364685486306084,
            0.011693666996502003,
            0.01864394456129592,
            0.014301230820041868,
            -0.006033516458633646,
            0.011192257126496075,
            -0.006292153627394486,
            -0.002727248539724922,
            -0.04140374675598087,
            -0.047949135721749865,
            0.00519887793867637,
            -0.019289700537239166,
            -0.012270244665461274,
            0.03733346332177668,
            0.017032889928631313,
            -0.034584888437391846,
            -0.05145022460460872,
            0.027534042797182932,
            0.00413418926631937,
            0.0340167831540047,
            0.01840814435894732,
            0.003191475011364295,
            -0.015042404033262456,
            -0.03975159304678026,
            0.03539654098849223,
            -0.01832726195145811,
            -0.00535358014358134,
            -0.04342741928723991,
            0.004393749336800347,
            0.004228740421511144,
            -0.008888797554389507,
            -0.022860629357502656,
            -0.013692103972872542,
            0.019520250113662162,
            -0.009353886894475843,
            -0.014099794043730334,
            -0.014276657630609311,
            0.04334357935233456,
            -0.0008103015097024667,
            0.03883241405152517,
            0.001703611170927727,
            -0.0027665386981266605,
            -0.015433944207594037,
            0.022503292038415994,
            -0.0031798109944403304,
            0.004310957110774929,
            0.015335468052656238,
            -0.01926855391824364,
            0.004291438102792331,
            0.023140202707647054,
            0.025381676238035656,
            -0.025838430620677123,
            -0.03519609532795619,
            -0.006983179740753827,
            0.014908508035209255,
            -0.031019563895179427,
            0.03790172049781665,
            -0.0007982909518457889,
            0.007760697314083377,
            0.012680583053381399,
            -0.014614588056973314,
            0.04123121815264428,
            -0.0036333405755108817,
            -0.06103757394104973,
            0.011799757663888938,
            0.034167140566160825,
            0.03038382132292638,
            0.04692167762050829,
            -0.03160628397991799,
            0.0014775627666010732,
            -0.007687186121491829,
            0.0023616079999143422,
            0.029476067412081336,
            -0.023280457272128692,
            0.005422338530269301,
            0.012304996486240172,
            0.023668361236654525,
            0.004644452502162547,
            0.004592036442715895,
            0.03731478545119758,
            -0.008216653011664452,
            0.020951805541800095,
            -0.009434676952743033,
            -0.019604366823527865,
            -0.01821532700222343,
            0.015248506751421897,
            -0.04424813340816945,
            0.029064168984100178,
            -0.02969858000588966,
            0.04900709355561171,
            0.064427348912884,
            -0.003013876382640287,
            0.006553238987805361,
            -0.02151970618302118,
            0.012380760867352823,
            0.011293743943790542,
            -0.0027271801761658636,
            -0.029442297658540853,
            -0.018914343730872786,
            0.0040731856434506435,
            -0.01869196370655441,
            -0.015549157220299552,
            -0.02507548521095284,
            -0.028570710161947063,
            0.025412671505999365,
            -0.0439879432810004,
            0.00943610183587074,
            0.04165034585970174,
            0.01483172165432551,
            0.002202671676173757,
            -0.0020036891149711137,
            0.032772557318987365,
            0.00030523075494835945,
            0.026859905097662857,
            -0.046418694483944256,
            -0.04677388162378495,
            -0.005942785727485373,
            -0.0009287711758679206,
            -0.0006537849047351285,
            -0.007521287624539079,
            0.02697003837494936,
            -0.0017822645476068205,
            0.004545585690348645,
            0.012701654376668745,
            -0.028893740352851083,
            0.03895075741897856,
            0.004888922813584865,
            -0.014602001011369822,
            -0.014945429993985694,
            -0.008984832319109615,
            -0.008499562375981387,
            -0.000527836407738444,
            0.011912339723325529,
            0.007520382752260129,
            0.0409146893572549,
            0.0004152441221261932,
            -0.0011367904519990427,
            0.01843645494068675,
            -0.008370362992271119,
            -0.014354562684526284,
            -0.008743953016930695,
            -0.004026066861232116,
            0.01153949607708815,
            0.007492768829748087,
            -0.00939674649936815,
            -0.1279990865126186,
            -0.0201568949932951,
            -0.02530442971504308,
            0.019793566627961105,
            0.024379229750442856,
            0.026037456557942686,
            0.0435446248361813,
            -0.010563243803766454,
            0.025251386171322197,
            -0.005359617859918127,
            0.0037342671429017333,
            0.01941484908551286,
            -0.006864519097851676,
            0.026273900004357663,
            0.012307550214490537,
            0.002610877891744773,
            0.025261001200894775,
            -0.05013247407182718,
            -0.012225147994722992,
            0.0008701304507783359,
            -0.0037128914137495948,
            -0.013490519177558481,
            0.008568340384839638,
            -0.002767568101102313,
            0.02062631690716455,
            -0.010513510788968953,
            0.04129561697023337,
            -0.001485994728253271,
            0.005150937962776365,
            0.023401755934923052,
            0.014833559710465178,
            -0.0005653220693422085,
            0.02977014053911793,
            -0.03262278039194951,
            -0.003111221464137635,
            -0.023373065311271986,
            0.01563436285778478,
            0.018987843355116833,
            -0.0028352163076974897,
            -0.004468290246404504,
            -0.03877463377948719,
            -0.03820195137767729,
            0.008182898737695638,
            0.029115785737927294,
            -0.010848750911346872,
            0.021112097203317477,
            -0.01615273644264043,
            -0.007003921868634095,
            -0.008935485807317435,
            -0.007721544720495558,
            -0.0036643730240306285,
            -0.008672889327797088,
            -0.03451947793974611,
            0.010308751892842217,
            0.014544573400500423,
            0.012631799330090194,
            -0.049736463594365315,
            -0.019533057311062467,
            0.008250241917866878,
            -0.00798473776272067,
            0.002412698266769475,
            -0.01253342710775146,
            -0.02629751670306517,
            0.036368263793165365,
            -0.025999252752867946,
            0.0033328696602495885,
            -0.0022098687112350264,
            0.0215040286851434,
            -0.01492312879069958,
            0.01203425300832493,
            -0.01526780243717902,
            -0.013777850193002459,
            -0.005254138612035982,
            0.04951725511347532,
            -0.01242538128082192,
            -0.011901286297937824,
            0.005460384817414638,
            -0.02316789386269243,
            -0.04192786876423982,
            0.012506090876008936,
            0.00863935836853898,
            0.019333640701891253,
            -0.0012104515420554933,
            -0.01896355221806777,
            0.007598367785050989,
            0.009381556176488818,
            -0.006306056168419368,
            -0.008191254940098992,
            -0.03385671882847334,
            0.03665224436218283,
            -0.0022574174759975177,
            -0.02451367280726398,
            -0.00405953539436601,
            0.018008242512075594,
            0.014407175048338336,
            -0.023727946093393185,
            0.005631424212248014,
            -0.012571030291272258,
            -0.00567006066112261,
            0.004416367815535218,
            0.028328277591080364,
            -0.0016713528128365282,
            0.0029646167386611737,
            0.014634778347898348,
            0.010621865856311394,
            0.022039557430576857,
            0.013247504820337045,
            0.00573270734451684,
            0.008227234075977592,
            -0.03627616160907994,
            -0.0036306121319496496,
            -0.03382788324619726,
            0.006818156499504411,
            -0.015369595612192975,
            0.010906965601355302,
            0.008018228198946051,
            -0.00015766201699969704,
            -0.018635961008871802,
            -0.001865814561504764,
            -0.010731384821672428,
            -0.014649628213545289,
            -0.031919576876444394,
            -0.014068360499175422,
            -0.006869001211098797,
            0.004617179672471587,
            -0.021263480488895002,
            0.008042392554436305,
            0.00014098618514280417,
            0.008701929756225028,
            -0.0030683725639911955,
            -0.02022767614959631,
            0.0005414051325966473,
            0.00409183673921216,
            0.04085849486444589,
            0.04578912220127534,
            0.02285021370604454,
            0.01971686265449746,
            -0.020768188755429896,
            -0.009424250693835217,
            -0.006827767524709909,
            -0.034983058733136806,
            -0.027254133491530358,
            0.017368288374696648,
            0.009386279384603718,
            0.0449778192810251,
            0.012754632293777662,
            0.0008048084249469246,
            -0.025747844700528853,
            0.004631402061359065,
            0.014691603532984123,
            -0.0027935032558172976,
            -0.0006943507345939137,
            -0.023672168632216887,
            -0.0003134495899108497,
            0.0005771660530943554,
            0.03376309826594151,
            -0.005965979905636436,
            0.01257670601392553,
            -0.019530961803125326,
            -0.006096715323079156,
            -0.0009357954145958878,
            -0.006078124653137012,
            0.01472861687257001,
            -0.0059309754638507866,
            0.03402912438379118,
            -0.009522271533697517,
            -0.0054664743411537865,
            0.003211534647080217,
            -0.027255146472823472,
            -0.03192202504555011,
            0.0116503327849753,
            0.026135147570566605,
            -0.001606233261094849,
            0.0005438096446138624,
            -0.006500468300305888,
            0.004456038483146641,
            0.0156388009456239,
            -0.009853639905078478,
            -0.010592852154250888,
            -0.032586683492990084,
            0.04098108131660947,
            -0.007050323071975867,
            -0.01988184275896906,
            -0.029692434494575665,
            -0.011250561275518342,
            0.04607698127763347,
            -0.0009102535582866205,
            -0.002363116673569363,
            0.04756701204055028,
            0.02319563649607366,
            -0.008887204716052031,
            -0.02186656543204028,
            0.05609289570385422,
            -0.00836617959110198,
            0.016461244991134626,
            -0.02276528997331779,
            -0.0152791152361598,
            -0.009043725653933793,
            0.019962168143344117,
            -0.010173339600792777,
            0.05543822425528874,
            -0.02612608730197392,
            -0.032589954947742215,
            -0.0066737557012588235,
            -0.012660199060563891,
            -0.0008902821028923882,
            0.00250972474359914,
            0.029769540715807234,
            0.03298621301519169,
            -0.056174320971151936,
            -0.0233026368311689,
            -0.04879415480269546,
            -0.011084180090261813,
            -0.013421014249793766,
            0.027319958448394976,
            -0.02727810799623412,
            0.046158720619892186,
            -0.018887383061861995,
            0.0012625703225020999,
            -0.007873594727173121,
            0.05899119086205428,
            0.013081602464763538,
            0.037882710870688785,
            0.03656719061735043,
            0.028340845343580064,
            0.01603379453808326,
            0.014517370744234284,
            0.028430230345929574,
            0.03173971148303217,
            0.007299945034474828,
            -0.004150613649369959,
            0.00665375914228535,
            -0.011148522269657823,
            -0.02775211857432951,
            -0.0359203810919927,
            -0.01848448889986913,
            0.021753665416477608,
            0.0011065325590091009,
            -0.01186818331058602,
            -0.022396632818686153,
            -0.03511383599739304,
            0.01066761254248931,
            -0.025388140969138332,
            0.0169460200382655,
            -0.03339729473618604,
            0.0042333553316556164,
            0.007061166680310746,
            -0.04118811911788091,
            -0.0050519749243327534,
            0.012771926454880015,
            -0.03992626446748951,
            -0.0776112774330942,
            0.021555800509566774,
            -0.0085252980032989,
            0.0006575958448812934,
            0.01690341526766819,
            0.023956420786278385,
            -0.0033511497998145283,
            0.016755732577390103,
            0.015780942472167225,
            0.0351775989478186,
            0.05681281032292958,
            -0.01749220383496905,
            -0.0014862075887753694,
            0.03622695505871011,
            0.004207356479639043,
            -0.004136008649914393,
            0.02193440866430871,
            -0.033944230869412256,
            -0.0255019918426347,
            -0.002398630921534111,
            -0.018690474483021656,
            -0.004743749230222681,
            0.029186504460589516,
            -0.008500640669849515,
            0.017511103083433704,
            -0.01406734237305463,
            -0.025953445422251174,
            -0.04103373035986303,
            0.03871389821210824,
            0.07142353305994054,
            -0.0011991129296740869,
            -0.02224057201539845,
            -0.0066784647535828405,
            0.00959696562216142,
            -0.010936678875395692,
            -0.029761205107744135,
            -0.012711418726480309,
            -0.011229460346927537,
            -0.006999327363873612,
            0.025930853325787692,
            0.01879269496429414,
            -0.007171712479990981,
            0.005696787260347985,
            0.003512959968616395,
            -0.018010303262366828,
            -0.020471046406047945,
            -0.007291920614921936,
            0.024667863369179945,
            -0.0009121651453573414,
            -0.027764602678290826,
            0.04011681674203569,
            0.008320392359347015,
            -0.02570516917352144,
            -0.0338612204735038,
            -0.026640163085721914,
            2.6221389149657694e-05,
            0.009569940582686492,
            0.013168422163000409,
            0.01463141629555047,
            -0.05125897694201253,
            0.00017649397305218056,
            0.0020007817533822065,
            -0.03878711915462588,
            0.03205619039657216,
            0.006055592402869132,
            0.007857506613667666,
            -0.02606583829654906,
            -0.02943597775346772,
            -0.032286433304996115,
            0.004667415954883576,
            -0.01604705865456032,
            0.027596621565529222,
            -0.019456184694196955,
            0.03349226469342375,
            0.01372625212674953,
            -0.007752287719063332,
            -0.05681141713707028,
            -0.008877079322182596,
            0.018364503130023233,
            -0.0188201747058002,
            -0.03566205220274695,
            0.0004959106853463379,
            0.016141684954077876,
            0.009120466321868496,
            -0.030883269890090357,
            -0.0027935923222849384,
            0.0012358178552707142,
            0.0011065439778528952,
            -0.034168880780397363,
            0.008586081848525952,
            -0.050895528884287326,
            -0.027149853561203103,
            0.017857731951118817,
            -0.015591908058044685,
            -0.01263819646769666,
            0.052565696595601306,
            0.029783725146561052,
            0.009646595650228117,
            -0.01999812990039976,
            -0.013443336032390587,
            -0.002585869654389162,
            0.00445340595217816,
            0.0023769050492440957,
            -0.009328251980482708,
            0.008636653428313112,
            -0.034648103072901656,
            -0.020170528521689785,
            0.028915094216485596,
            -0.031082969009549644,
            -0.021836336663904894,
            0.0063239006038069406,
            0.0730104053076737,
            -0.0008651210157435345,
            -0.007436866845389863,
            0.0020428054216636146,
            -0.00901957676298566,
            -0.01915123769538902,
            0.007838566819625968,
            -0.011799631192609697,
            -0.0007371425254918372,
            -0.040234370102568015,
            0.02249031562214332,
            0.022513046719131347,
            -0.024959964584380004,
            0.0179499371069055,
            0.0006334657609519691,
            -0.019704866398697146,
            0.12851886948600075,
            0.005924798103885996,
            0.0010996663952899857,
            -0.0014097452584710271,
            0.018946756800311368,
            0.0049389079332450465,
            0.002430378904575448,
            0.02701090544360579,
            -0.02318538045450988,
            0.004219233357085106,
            -0.03025320366856449,
            0.020853186497657907,
            0.026441597941183417,
            0.015030959981057737,
            0.01702051397125802,
            -0.007152749504165648,
            0.046899435612799543,
            0.023403695025938826,
            -0.05829900536367272,
            0.00540522261403207,
            0.03752451278827095,
            -0.000691521977769271,
            -0.0159117821550329,
            -0.020749695598324378,
            -0.027268502605698665,
            0.022622228132497712,
            0.007388286171535611,
            -0.005014923918105848,
            -0.04784542116736697,
            -0.016060938339110684,
            -0.028360011032261077,
            -0.01686517398490869,
            0.006341659461345754,
            -0.014870048552507637,
            -0.03018236395227459,
            0.004226324899299465,
            -0.05302985018692786,
            0.01648818379462779,
            0.0023766033121499653,
            0.027499444775822918,
            -0.025657541956316428,
            0.02380499761325682,
            -0.006064740836753965,
            -0.01720285970397849,
            -0.01200456355165686,
            0.0028526416401530295,
            -0.008016741517768045,
            -0.007133971219269578,
            -0.010866769748008357,
            0.01790491766870055,
            -0.0075474609078886555,
            0.016982588832880147,
            0.028406251021707244,
            -0.0066717910861351475,
            -0.0157825050846421,
            -0.006954209552048442,
            -0.033579972550764385,
            0.01879990945950564,
            0.010372929302486664,
            -0.032044674566941364,
            -0.007428518689294526,
            -0.0032738282951507297,
            -0.009974324596286029,
            -0.0065463366232149395,
            -0.014713481273602922,
            -0.02817971961879724,
            0.0014652393979651495,
            -0.018995861029598174,
            -0.010771710997404595,
            -0.023296248061422182,
            -0.000747414315575603,
            -0.023652706875471736,
            0.0003836679314093818,
            -0.024179758454933264,
            0.02268764637744406,
            0.03992848608382292,
            -0.056138727975395666,
            0.012332108752653764,
            0.030131624402248116,
            0.003933055224634286,
            -0.01711583082427748,
            0.00493954441345294,
            -0.0051804304644608,
            -0.011788424913671363,
            -0.01580503409684836,
            -0.0014588655878886394,
            0.025622343491086576,
            0.03616414934598464,
            -0.02203675142541579,
            0.0059812986178332285,
            0.008537538826283178,
            -0.03223434484822743,
            0.00808850349267462,
            0.0013609400062434725,
            -0.03097859641220603,
            0.02008496377697183,
            0.015870839125020512,
            0.003425543341034396,
            -0.02314456486418931,
            0.010425070553857208,
            -0.015683654993518144,
            -0.04174881815601878,
            0.05740610519212492,
            -0.021551185750804704,
            0.005429218851657993,
            0.013065340563028542,
            -0.014072077785105719,
            -0.014408172580118877,
            0.009940838676814407,
            -0.05782088233353194,
            -0.054083661151437076,
            -0.0030398518398898253,
            0.012020652951369233,
            0.01398212900329834,
            0.053994593091712444,
            -0.0006295167924512228,
            -0.010700127940525694,
            0.014321597441551195,
            0.008898519399254557,
            -0.008236188142322177,
            0.01984310848322088,
            -0.0043768749273695624,
            0.014737411987153254,
            0.01858365628898616,
            -0.017965619764640506,
            0.014223760494374914,
            -0.027001381809872202,
            -0.03656221577542828,
            0.0026217997047829475,
            -0.005976880473716126,
            -0.0030424948325616847,
            -0.040423236568995546,
            0.01818137738478702,
            -0.008844239567044625,
            0.011773721152746115,
            0.012667102068257772,
            0.011803888137860742,
            0.01885975559660344,
            0.023967953676937798,
            0.007538686701682619,
            0.02021455685914879,
            0.011626771615938055,
            0.03709303356177166,
            0.002988996299074418,
            0.004139645487794058,
            -0.010674630740850184,
            0.011047066994491967,
            0.03503438264193186,
            0.03430780314379721,
            -0.00933827374451788,
            0.016609419373164926,
            0.03967951477235228,
            -0.04626984835355217,
            0.008771555991654379,
            -0.011326980786839214,
            0.023893208723182405,
            -0.028864855376689313,
            -0.03460231905666399,
            -0.005839354352795723,
            0.033527100828388806,
            0.015914639002941135,
            -0.01221871224084986,
            0.006011599481189041,
            0.014625306502780188,
            -0.00975816472085682,
            0.016160552032340004,
            0.011442254296358565,
            0.011777637307940878,
            -0.03844413069570594,
            -0.0026056131137856763,
            -0.03349632566713327,
            0.005307218850227927,
            0.006638377667383066,
            -0.006094618214898142,
            -0.029346816701417602,
            0.00548668135276877,
            0.014382456574971655,
            0.030122745624096944,
            -0.019188975074945342,
            -0.029657445195780407,
            0.0026977396088431757,
            -0.03245749842396786,
            0.0030826470033235255,
            0.011546408738848697,
            0.021500328104873505,
            0.012539091542277711,
            -0.03439829252327881,
            0.022826254665882895,
            -0.025491962679152363,
            -0.012921008319176967,
            0.059906622633251735,
            -0.019043428385578032,
            -0.00398696798932749,
            0.004701136114309941,
            -0.001254168130686613,
            0.03301049772120615,
            0.0033623856652693898,
            0.01820775501129524,
            -0.01877383690450999,
            0.002544794525942262,
            -0.01249184081864315,
            -0.04059691718420889,
            0.006935319868808404,
            -0.017919539547743238,
            -0.01965898196814251,
            0.009870006049692109,
            0.026490780689210472,
            -0.022669276135761824,
            0.0176481075857467,
            -0.023889690299001804,
            0.02504493979544261,
            0.008370430400568452,
            0.0045013945199632276,
            0.025042058509602907,
            0.015558805706281572,
            0.006230753896299793,
            0.028902039917061355,
            -0.0022360847872663694,
            0.007325617611351596,
            -0.014194654598232177,
            -0.006839014479942062,
            -0.017351430568389895,
            -0.013643752095137948,
            0.01831596847564021,
            -0.024380784630646673,
            0.00987864283307316,
            -0.020759628546449173,
            0.014078464633056828,
            0.03688700164511096,
            0.03477454970019993,
            -0.008310552721342044,
            0.003583851682624452,
            -0.007021120154717563,
            0.018113299912563843,
            0.03832586296429938,
            0.004074185284104359,
            -0.010212037182069898,
            -0.03333811147659707,
            -0.015433098568466322,
            -0.0032232126122498086,
            0.049623487677564866,
            0.02283319240116359,
            -0.007117662386011577,
            -0.017363310975390213,
            0.04058310667461168,
            -0.031223111598881588,
            -0.006911250109644892,
            -0.011344081896667328,
            -0.0064574748547462585,
            0.015952933050243413,
            -0.020588799619286852,
            0.037235348861514986,
            0.015458667840817942,
            -0.013072790599431254,
            -0.005522722264153357,
            -0.01464497902244642,
            -0.02309045298718915,
            0.011996539446140925,
            -0.018431270311770876,
            0.025774209449938336,
            0.024174240412863958,
            0.031635504911587946,
            -0.005538805225316362,
            -0.020001009900032545,
            0.010879794464673456,
            0.015445869691954706,
            -0.023711905111639155,
            0.00034399013051839494,
            0.03638989826032189,
            -0.005381203062027043,
            0.00012797383150900095,
            -0.017490556272719327,
            -0.002074413382521982,
            -0.02064386528200276,
            -0.004296385911824855,
            -0.016460410897810095,
            -0.01574373990986877,
            -0.01808619633931912,
            0.0013013486884111253,
            -0.0319303270858174,
            0.014340096394102622,
            -0.007335858114560747,
            -0.016516421342793304,
            -0.014466901478015378,
            -0.023052273472420858,
            0.014665639109546956,
            0.030508657067416442,
            -0.03738684926706988,
            0.029589125706242798,
            -0.018195551525885482,
            -0.004923901643161975,
            0.028301764822668354,
            -0.00854157083779271,
            -0.02697872149935337,
            -0.0247375848703412,
            0.0063731373950689195,
            0.022806798084024513,
            0.04064723713018881,
            0.013681453453385763,
            -0.03327054497420036,
            0.0012309207169373378,
            -0.001235564434142025,
            0.004270542717543078,
            -0.009522447221178348,
            0.0030949060837619346,
            0.028811564700885403,
            0.01347454176802535,
            0.015580011565943106,
            -0.0025652956860256924,
            0.03477455806805968,
            0.004756121673071261,
            -0.007717961275232584,
            -0.03236653538969,
            0.0019829991569803116,
            -0.036010744333018964,
            0.025038565839619782,
            0.0032482134894128677,
            -0.027139701452238388,
            0.015369793808294889,
            1.5359579325567065e-05,
            -0.0036025794130277594,
            0.004841389407614203,
            -0.0629366102251571,
            -0.00022610086986201892,
            0.032838565037470874,
            0.03344198466494695,
            -0.008034371649408121,
            0.019442532508287175,
            0.024954393762738378,
            0.031150665493992927,
            -0.015521845781856697,
            0.00162826910710281,
            -0.0026566628726376273,
            -0.019551238315002585,
            0.0003920363527784676,
            0.004552190068836711,
            -0.06294038961941725,
            0.014690878887484084,
            -0.008284774918144519,
            0.015673157630346796,
            0.01601438010580318,
            0.018819878342486038,
            0.009320041224668042,
            -0.00480857599717376,
            -0.0067053623683955,
            0.017580974880761293,
            0.0033132997944902744,
            0.01952835145171143,
            0.012693350953837713,
            0.0023756413080781814,
            0.027649358781589705,
            -0.030267228459364876,
            -0.009680721923557933,
            0.013065973229704313,
            -0.0271363139860317,
            -0.03663771371632457,
            -0.024615192445379207,
            0.024599698344708994,
            -0.026680066109066338,
            -0.026172783915246824,
            0.010611199214149488,
            -0.04210957351502817,
            -0.03672191148728527,
            0.028598450873532688,
            -4.8128998582093246e-05,
            -0.03041533338622154,
            -0.026822755950525412,
            0.016321009734786323,
            0.017376653595577985,
            -0.015868683800946855,
            0.03005784192737733,
            0.016728477126522097,
            0.0026013690493907555
        ]
    }
]
indexName: ragflow_20e0d702f27d11ef8aec0242ac120006
knowledgebaseId: ed952a8ef81b11ef870d0242ac120006
